Pekerjaan,Memasukkannya dalam visi-misi pasangan calon - Transisi Energi,Memasukkannya dalam visi-misi pasangan calon - Energi Baru Terbarukan,Memasukkannya dalam visi-misi pasangan calon - Krisis Iklim/Perubahan Iklim,Memasukkannya dalam visi-misi pasangan calon - Mineral Kritis,Menyampaikannya sebagai materi kampanye atau sosialisasi - Transisi Energi,Menyampaikannya sebagai materi kampanye atau sosialisasi - Energi Baru Terbarukan,Menyampaikannya sebagai materi kampanye atau sosialisasi - Krisis Iklim/Perubahan Iklim,Menyampaikannya sebagai materi kampanye atau sosialisasi - Mineral Kritis,Mensosialisasikannya ke publik melalui kegiatan khusus - Transisi Energi,Mensosialisasikannya ke publik melalui kegiatan khusus - Energi Baru Terbarukan,Mensosialisasikannya ke publik melalui kegiatan khusus - Krisis Iklim/Perubahan Iklim,Mensosialisasikannya ke publik melalui kegiatan khusus - Mineral Kritis,Menciptakan forum warga yang memfasilitasi diskusi mengenai isu terkait - Transisi Energi,Menciptakan forum warga yang memfasilitasi diskusi mengenai isu terkait - Energi Baru Terbarukan,Menciptakan forum warga yang memfasilitasi diskusi mengenai isu terkait - Krisis Iklim/Perubahan Iklim,Menciptakan forum warga yang memfasilitasi diskusi mengenai isu terkait - Mineral Kritis,"Mencantumkannya dalam berbagai selebaran, spanduk, pamflet, dan sejenisnya - Transisi Energi","Mencantumkannya dalam berbagai selebaran, spanduk, pamflet, dan sejenisnya - Energi Baru Terbarukan","Mencantumkannya dalam berbagai selebaran, spanduk, pamflet, dan sejenisnya - Krisis Iklim/Perubahan Iklim","Mencantumkannya dalam berbagai selebaran, spanduk, pamflet, dan sejenisnya - Mineral Kritis","Membentuk forum diskusi yang melibatkan masyarakat, organisasi masyarakat sipil (CSO) dan perwakilan pemerintah - Transisi Energi","Membentuk forum diskusi yang melibatkan masyarakat, organisasi masyarakat sipil (CSO) dan perwakilan pemerintah - Energi Baru Terbarukan","Membentuk forum diskusi yang melibatkan masyarakat, organisasi masyarakat sipil (CSO) dan perwakilan pemerintah - Krisis Iklim/Perubahan Iklim","Membentuk forum diskusi yang melibatkan masyarakat, organisasi masyarakat sipil (CSO) dan perwakilan pemerintah - Mineral Kritis",Memasukannya sebagai bahan materi dalam debat Pilkada - Transisi Energi,Memasukannya sebagai bahan materi dalam debat Pilkada - Energi Baru Terbarukan,Memasukannya sebagai bahan materi dalam debat Pilkada - Krisis Iklim/Perubahan Iklim,Memasukannya sebagai bahan materi dalam debat Pilkada - Mineral Kritis,Lainnya - Transisi Energi,Lainnya - Energi Baru Terbarukan,Lainnya - Krisis Iklim/Perubahan Iklim,Lainnya - Mineral Kritis
Elit Politik,,,,,,,,,,,,,Transisi Energi,Energi Baru Terbarukan,Krisis Iklim/Perubahan Iklim,Mineral Kritis,,,,,,,,,,,,,,,,
Birokrasi,,,,,Transisi Energi,Energi Baru Terbarukan,Krisis Iklim/Perubahan Iklim,Mineral Kritis,Transisi Energi,Energi Baru Terbarukan,Krisis Iklim/Perubahan Iklim,Mineral Kritis,Transisi Energi,Energi Baru Terbarukan,Krisis Iklim/Perubahan Iklim,Mineral Kritis,,,,,,,,,,,,,,,,
Elit Politik,,,,,,,,,,,,,Transisi Energi,Energi Baru Terbarukan,Krisis Iklim/Perubahan Iklim,Mineral Kritis,Transisi Energi,Energi Baru Terbarukan,Krisis Iklim/Perubahan Iklim,Mineral Kritis,Transisi Energi,Energi Baru Terbarukan,Krisis Iklim/Perubahan Iklim,Mineral Kritis,,,,,,,,
Birokrasi,,,,Mineral Kritis,Transisi Energi,,,,Transisi Energi,,Krisis Iklim/Perubahan Iklim,,Transisi Energi,,,Mineral Kritis,,,Krisis Iklim/Perubahan Iklim,Mineral Kritis,,,,Mineral Kritis,Transisi Energi,,Krisis Iklim/Perubahan Iklim,,,,,
Elit Politik,,,,,,,,,,,,,Transisi Energi,Energi Baru Terbarukan,Krisis Iklim/Perubahan Iklim,Mineral Kritis,,,,,Transisi Energi,Energi Baru Terbarukan,Krisis Iklim/Perubahan Iklim,Mineral Kritis,Transisi Energi,Energi Baru Terbarukan,Krisis Iklim/Perubahan Iklim,Mineral Kritis,,,,
Birokrasi,,,Krisis Iklim/Perubahan Iklim,,,Energi Baru Terbarukan,,,,Energi Baru Terbarukan,,,,,,Mineral Kritis,,,Krisis Iklim/Perubahan Iklim,,,,,Mineral Kritis,,Energi Baru Terbarukan,,,,,,
Elit Politik,,,,,,,,,,,,,Transisi Energi,Energi Baru Terbarukan,Krisis Iklim/Perubahan Iklim,Mineral Kritis,,,,,,,,,Transisi Energi,Energi Baru Terbarukan,Krisis Iklim/Perubahan Iklim,Mineral Kritis,,,,
Elit Politik,,,,,,,,,Transisi Energi,Energi Baru Terbarukan,Krisis Iklim/Perubahan Iklim,Mineral Kritis,Transisi Energi,Energi Baru Terbarukan,Krisis Iklim/Perubahan Iklim,Mineral Kritis,,,,,Transisi Energi,Energi Baru Terbarukan,Krisis Iklim/Perubahan Iklim,Mineral Kritis,Transisi Energi,Energi Baru Terbarukan,Krisis Iklim/Perubahan Iklim,Mineral Kritis,,,,
Birokrasi,Transisi Energi,,Krisis Iklim/Perubahan Iklim,,Transisi Energi,,Krisis Iklim/Perubahan Iklim,,,,,Mineral Kritis,,,Krisis Iklim/Perubahan Iklim,,Transisi Energi,Energi Baru Terbarukan,Krisis Iklim/Perubahan Iklim,Mineral Kritis,,,Krisis Iklim/Perubahan Iklim,,Transisi Energi,,Krisis Iklim/Perubahan Iklim,Mineral Kritis,,,,
Elit Politik,,,,,,,,,,,,,,,,,,,,,Transisi Energi,Energi Baru Terbarukan,Krisis Iklim/Perubahan Iklim,Mineral Kritis,Transisi Energi,Energi Baru Terbarukan,Krisis Iklim/Perubahan Iklim,Mineral Kritis,,,,
Elit Politik,,,,,,,,,Transisi Energi,Energi Baru Terbarukan,Krisis Iklim/Perubahan Iklim,Mineral Kritis,Transisi Energi,Energi Baru Terbarukan,Krisis Iklim/Perubahan Iklim,Mineral Kritis,,,,,,,,,,,,,,,,
Elit Politik,,,,,,,,,Transisi Energi,Energi Baru Terbarukan,Krisis Iklim/Perubahan Iklim,Mineral Kritis,Transisi Energi,Energi Baru Terbarukan,Krisis Iklim/Perubahan Iklim,Mineral Kritis,,,,,Transisi Energi,Energi Baru Terbarukan,Krisis Iklim/Perubahan Iklim,Mineral Kritis,,,,,,,,
Elit Politik,,,Krisis Iklim/Perubahan Iklim,,Transisi Energi,Energi Baru Terbarukan,Krisis Iklim/Perubahan Iklim,Mineral Kritis,,,Krisis Iklim/Perubahan Iklim,Mineral Kritis,,,Krisis Iklim/Perubahan Iklim,Mineral Kritis,,Energi Baru Terbarukan,Krisis Iklim/Perubahan Iklim,Mineral Kritis,Transisi Energi,,Krisis Iklim/Perubahan Iklim,Mineral Kritis,,Energi Baru Terbarukan,Krisis Iklim/Perubahan Iklim,Mineral Kritis,,,,
Elit Politik,Transisi Energi,,Krisis Iklim/Perubahan Iklim,,,,Krisis Iklim/Perubahan Iklim,,Transisi Energi,,,,Transisi Energi,,,,,Energi Baru Terbarukan,,,Transisi Energi,Energi Baru Terbarukan,Krisis Iklim/Perubahan Iklim,,,Energi Baru Terbarukan,Krisis Iklim/Perubahan Iklim,,,,,
Sipil,Transisi Energi,Energi Baru Terbarukan,Krisis Iklim/Perubahan Iklim,Mineral Kritis,Transisi Energi,Energi Baru Terbarukan,Krisis Iklim/Perubahan Iklim,Mineral Kritis,Transisi Energi,Energi Baru Terbarukan,Krisis Iklim/Perubahan Iklim,Mineral Kritis,,,,,,,,,Transisi Energi,Energi Baru Terbarukan,Krisis Iklim/Perubahan Iklim,Mineral Kritis,Transisi Energi,Energi Baru Terbarukan,Krisis Iklim/Perubahan Iklim,Mineral Kritis,,,,
Birokrasi,,,Krisis Iklim/Perubahan Iklim,,Transisi Energi,,,,Transisi Energi,,,,,,Krisis Iklim/Perubahan Iklim,,,,Krisis Iklim/Perubahan Iklim,,Transisi Energi,,,,,,,Mineral Kritis,,,,
Birokrasi,Transisi Energi,Energi Baru Terbarukan,Krisis Iklim/Perubahan Iklim,Mineral Kritis,Transisi Energi,,Krisis Iklim/Perubahan Iklim,,Transisi Energi,,Krisis Iklim/Perubahan Iklim,,Transisi Energi,,Krisis Iklim/Perubahan Iklim,Mineral Kritis,,,Krisis Iklim/Perubahan Iklim,,Transisi Energi,Energi Baru Terbarukan,Krisis Iklim/Perubahan Iklim,Mineral Kritis,Transisi Energi,,Krisis Iklim/Perubahan Iklim,Mineral Kritis,,,,
Birokrasi,Transisi Energi,Energi Baru Terbarukan,Krisis Iklim/Perubahan Iklim,Mineral Kritis,Transisi Energi,Energi Baru Terbarukan,Krisis Iklim/Perubahan Iklim,Mineral Kritis,Transisi Energi,Energi Baru Terbarukan,Krisis Iklim/Perubahan Iklim,Mineral Kritis,Transisi Energi,Energi Baru Terbarukan,Krisis Iklim/Perubahan Iklim,Mineral Kritis,Transisi Energi,Energi Baru Terbarukan,Krisis Iklim/Perubahan Iklim,Mineral Kritis,Transisi Energi,,Krisis Iklim/Perubahan Iklim,Mineral Kritis,Transisi Energi,Energi Baru Terbarukan,Krisis Iklim/Perubahan Iklim,Mineral Kritis,,,,
Elit Politik,Transisi Energi,Energi Baru Terbarukan,Krisis Iklim/Perubahan Iklim,Mineral Kritis,Transisi Energi,Energi Baru Terbarukan,Krisis Iklim/Perubahan Iklim,Mineral Kritis,Transisi Energi,Energi Baru Terbarukan,Krisis Iklim/Perubahan Iklim,Mineral Kritis,,,,,,,,,,,,,Transisi Energi,Energi Baru Terbarukan,Krisis Iklim/Perubahan Iklim,Mineral Kritis,,,,
Birokrasi,Transisi Energi,Energi Baru Terbarukan,Krisis Iklim/Perubahan Iklim,Mineral Kritis,Transisi Energi,Energi Baru Terbarukan,Krisis Iklim/Perubahan Iklim,Mineral Kritis,Transisi Energi,,Krisis Iklim/Perubahan Iklim,,,,,Mineral Kritis,Transisi Energi,,Krisis Iklim/Perubahan Iklim,,Transisi Energi,,Krisis Iklim/Perubahan Iklim,,Transisi Energi,Energi Baru Terbarukan,Krisis Iklim/Perubahan Iklim,Mineral Kritis,,,,
Swasta,Transisi Energi,Energi Baru Terbarukan,Krisis Iklim/Perubahan Iklim,Mineral Kritis,Transisi Energi,Energi Baru Terbarukan,Krisis Iklim/Perubahan Iklim,Mineral Kritis,Transisi Energi,Energi Baru Terbarukan,Krisis Iklim/Perubahan Iklim,Mineral Kritis,Transisi Energi,,,Mineral Kritis,Transisi Energi,,Krisis Iklim/Perubahan Iklim,,Transisi Energi,,Krisis Iklim/Perubahan Iklim,,Transisi Energi,Energi Baru Terbarukan,Krisis Iklim/Perubahan Iklim,Mineral Kritis,,,,
Elit Politik,,Energi Baru Terbarukan,Krisis Iklim/Perubahan Iklim,Mineral Kritis,Transisi Energi,Energi Baru Terbarukan,Krisis Iklim/Perubahan Iklim,Mineral Kritis,,Energi Baru Terbarukan,Krisis Iklim/Perubahan Iklim,Mineral Kritis,,Energi Baru Terbarukan,Krisis Iklim/Perubahan Iklim,Mineral Kritis,,Energi Baru Terbarukan,Krisis Iklim/Perubahan Iklim,Mineral Kritis,,Energi Baru Terbarukan,Krisis Iklim/Perubahan Iklim,Mineral Kritis,,Energi Baru Terbarukan,Krisis Iklim/Perubahan Iklim,Mineral Kritis,,,,
Birokrasi,Transisi Energi,Energi Baru Terbarukan,Krisis Iklim/Perubahan Iklim,Mineral Kritis,Transisi Energi,,Krisis Iklim/Perubahan Iklim,,Transisi Energi,Energi Baru Terbarukan,Krisis Iklim/Perubahan Iklim,Mineral Kritis,Transisi Energi,,Krisis Iklim/Perubahan Iklim,Mineral Kritis,Transisi Energi,,Krisis Iklim/Perubahan Iklim,,Transisi Energi,Energi Baru Terbarukan,Krisis Iklim/Perubahan Iklim,Mineral Kritis,Transisi Energi,Energi Baru Terbarukan,Krisis Iklim/Perubahan Iklim,Mineral Kritis,,,,
Birokrasi,,Energi Baru Terbarukan,Krisis Iklim/Perubahan Iklim,,,Energi Baru Terbarukan,,,,Energi Baru Terbarukan,,,Transisi Energi,,Krisis Iklim/Perubahan Iklim,,Transisi Energi,,Krisis Iklim/Perubahan Iklim,Mineral Kritis,Transisi Energi,Energi Baru Terbarukan,,,Transisi Energi,Energi Baru Terbarukan,Krisis Iklim/Perubahan Iklim,Mineral Kritis,,,,
Birokrasi,Transisi Energi,Energi Baru Terbarukan,Krisis Iklim/Perubahan Iklim,Mineral Kritis,Transisi Energi,,Krisis Iklim/Perubahan Iklim,,,,,Mineral Kritis,,,,Mineral Kritis,Transisi Energi,,Krisis Iklim/Perubahan Iklim,,,Energi Baru Terbarukan,,Mineral Kritis,Transisi Energi,Energi Baru Terbarukan,Krisis Iklim/Perubahan Iklim,Mineral Kritis,,,,
Elit Politik,Transisi Energi,Energi Baru Terbarukan,Krisis Iklim/Perubahan Iklim,Mineral Kritis,Transisi Energi,Energi Baru Terbarukan,Krisis Iklim/Perubahan Iklim,Mineral Kritis,,Energi Baru Terbarukan,Krisis Iklim/Perubahan Iklim,,,,Krisis Iklim/Perubahan Iklim,,Transisi Energi,Energi Baru Terbarukan,Krisis Iklim/Perubahan Iklim,,,,Krisis Iklim/Perubahan Iklim,,Transisi Energi,,Krisis Iklim/Perubahan Iklim,,,,,
Sipil,Transisi Energi,Energi Baru Terbarukan,Krisis Iklim/Perubahan Iklim,Mineral Kritis,Transisi Energi,,Krisis Iklim/Perubahan Iklim,,,,,Mineral Kritis,,,,Mineral Kritis,,Energi Baru Terbarukan,Krisis Iklim/Perubahan Iklim,,,Energi Baru Terbarukan,,Mineral Kritis,Transisi Energi,Energi Baru Terbarukan,Krisis Iklim/Perubahan Iklim,Mineral Kritis,,,,
Birokrasi,,Energi Baru Terbarukan,Krisis Iklim/Perubahan Iklim,,,Energi Baru Terbarukan,Krisis Iklim/Perubahan Iklim,,,Energi Baru Terbarukan,Krisis Iklim/Perubahan Iklim,,,Energi Baru Terbarukan,Krisis Iklim/Perubahan Iklim,,,Energi Baru Terbarukan,Krisis Iklim/Perubahan Iklim,,,Energi Baru Terbarukan,Krisis Iklim/Perubahan Iklim,,,Energi Baru Terbarukan,Krisis Iklim/Perubahan Iklim,,,,,
Elit Politik,Transisi Energi,Energi Baru Terbarukan,Krisis Iklim/Perubahan Iklim,Mineral Kritis,,,,,,,,,,,,,,,,,,,,,Transisi Energi,Energi Baru Terbarukan,Krisis Iklim/Perubahan Iklim,Mineral Kritis,,,,
Elit Politik,Transisi Energi,Energi Baru Terbarukan,Krisis Iklim/Perubahan Iklim,Mineral Kritis,Transisi Energi,Energi Baru Terbarukan,Krisis Iklim/Perubahan Iklim,Mineral Kritis,Transisi Energi,Energi Baru Terbarukan,Krisis Iklim/Perubahan Iklim,Mineral Kritis,Transisi Energi,Energi Baru Terbarukan,Krisis Iklim/Perubahan Iklim,Mineral Kritis,Transisi Energi,Energi Baru Terbarukan,Krisis Iklim/Perubahan Iklim,Mineral Kritis,Transisi Energi,Energi Baru Terbarukan,Krisis Iklim/Perubahan Iklim,Mineral Kritis,Transisi Energi,Energi Baru Terbarukan,Krisis Iklim/Perubahan Iklim,Mineral Kritis,,,,
Elit Politik,Transisi Energi,Energi Baru Terbarukan,Krisis Iklim/Perubahan Iklim,Mineral Kritis,Transisi Energi,Energi Baru Terbarukan,Krisis Iklim/Perubahan Iklim,Mineral Kritis,Transisi Energi,Energi Baru Terbarukan,Krisis Iklim/Perubahan Iklim,Mineral Kritis,Transisi Energi,Energi Baru Terbarukan,Krisis Iklim/Perubahan Iklim,Mineral Kritis,Transisi Energi,Energi Baru Terbarukan,Krisis Iklim/Perubahan Iklim,Mineral Kritis,Transisi Energi,,Krisis Iklim/Perubahan Iklim,,Transisi Energi,Energi Baru Terbarukan,Krisis Iklim/Perubahan Iklim,Mineral Kritis,,,,
Elit Politik,Transisi Energi,Energi Baru Terbarukan,Krisis Iklim/Perubahan Iklim,Mineral Kritis,Transisi Energi,Energi Baru Terbarukan,Krisis Iklim/Perubahan Iklim,Mineral Kritis,,,,Mineral Kritis,,,Krisis Iklim/Perubahan Iklim,Mineral Kritis,Transisi Energi,,Krisis Iklim/Perubahan Iklim,,Transisi Energi,,Krisis Iklim/Perubahan Iklim,,Transisi Energi,Energi Baru Terbarukan,Krisis Iklim/Perubahan Iklim,Mineral Kritis,,,,
Elit Politik,,,Krisis Iklim/Perubahan Iklim,,,,Krisis Iklim/Perubahan Iklim,,,,Krisis Iklim/Perubahan Iklim,,,,Krisis Iklim/Perubahan Iklim,,,,Krisis Iklim/Perubahan Iklim,,Transisi Energi,,Krisis Iklim/Perubahan Iklim,,Transisi Energi,,Krisis Iklim/Perubahan Iklim,,,,,
Sipil,,,,,Transisi Energi,Energi Baru Terbarukan,Krisis Iklim/Perubahan Iklim,Mineral Kritis,Transisi Energi,Energi Baru Terbarukan,Krisis Iklim/Perubahan Iklim,Mineral Kritis,Transisi Energi,Energi Baru Terbarukan,Krisis Iklim/Perubahan Iklim,Mineral Kritis,,,,,Transisi Energi,Energi Baru Terbarukan,Krisis Iklim/Perubahan Iklim,Mineral Kritis,Transisi Energi,Energi Baru Terbarukan,Krisis Iklim/Perubahan Iklim,Mineral Kritis,,,,
Elit Politik,Transisi Energi,Energi Baru Terbarukan,Krisis Iklim/Perubahan Iklim,Mineral Kritis,Transisi Energi,Energi Baru Terbarukan,Krisis Iklim/Perubahan Iklim,Mineral Kritis,Transisi Energi,Energi Baru Terbarukan,Krisis Iklim/Perubahan Iklim,Mineral Kritis,Transisi Energi,Energi Baru Terbarukan,Krisis Iklim/Perubahan Iklim,Mineral Kritis,Transisi Energi,Energi Baru Terbarukan,Krisis Iklim/Perubahan Iklim,Mineral Kritis,Transisi Energi,Energi Baru Terbarukan,Krisis Iklim/Perubahan Iklim,Mineral Kritis,Transisi Energi,Energi Baru Terbarukan,Krisis Iklim/Perubahan Iklim,Mineral Kritis,,,,
Elit Politik,,,,,,,,,Transisi Energi,Energi Baru Terbarukan,Krisis Iklim/Perubahan Iklim,Mineral Kritis,,,,,,,,,,,,,Transisi Energi,Energi Baru Terbarukan,Krisis Iklim/Perubahan Iklim,Mineral Kritis,,,,
Elit Politik,Transisi Energi,Energi Baru Terbarukan,Krisis Iklim/Perubahan Iklim,Mineral Kritis,,,,,,,,,,,,,,,,,,,,,Transisi Energi,Energi Baru Terbarukan,Krisis Iklim/Perubahan Iklim,Mineral Kritis,,,,
Swasta,,Energi Baru Terbarukan,Krisis Iklim/Perubahan Iklim,,,Energi Baru Terbarukan,Krisis Iklim/Perubahan Iklim,,,Energi Baru Terbarukan,Krisis Iklim/Perubahan Iklim,,,Energi Baru Terbarukan,Krisis Iklim/Perubahan Iklim,,,Energi Baru Terbarukan,Krisis Iklim/Perubahan Iklim,,,Energi Baru Terbarukan,Krisis Iklim/Perubahan Iklim,,,Energi Baru Terbarukan,Krisis Iklim/Perubahan Iklim,,,,,
Elit Politik,,,Krisis Iklim/Perubahan Iklim,,,,Krisis Iklim/Perubahan Iklim,,,,Krisis Iklim/Perubahan Iklim,,,,Krisis Iklim/Perubahan Iklim,,,,Krisis Iklim/Perubahan Iklim,,,Energi Baru Terbarukan,Krisis Iklim/Perubahan Iklim,,,Energi Baru Terbarukan,Krisis Iklim/Perubahan Iklim,,,,,
Birokrasi,Transisi Energi,,Krisis Iklim/Perubahan Iklim,,Transisi Energi,,Krisis Iklim/Perubahan Iklim,,,,Krisis Iklim/Perubahan Iklim,Mineral Kritis,,,Krisis Iklim/Perubahan Iklim,,Transisi Energi,,Krisis Iklim/Perubahan Iklim,,,Energi Baru Terbarukan,,Mineral Kritis,,Energi Baru Terbarukan,,Mineral Kritis,,,,
Sipil,Transisi Energi,,Krisis Iklim/Perubahan Iklim,,Transisi Energi,,Krisis Iklim/Perubahan Iklim,Mineral Kritis,,,Krisis Iklim/Perubahan Iklim,,Transisi Energi,Energi Baru Terbarukan,,,Transisi Energi,Energi Baru Terbarukan,Krisis Iklim/Perubahan Iklim,,Transisi Energi,,Krisis Iklim/Perubahan Iklim,,Transisi Energi,Energi Baru Terbarukan,Krisis Iklim/Perubahan Iklim,Mineral Kritis,,,,
Elit Politik,Transisi Energi,Energi Baru Terbarukan,Krisis Iklim/Perubahan Iklim,Mineral Kritis,Transisi Energi,Energi Baru Terbarukan,Krisis Iklim/Perubahan Iklim,Mineral Kritis,Transisi Energi,Energi Baru Terbarukan,Krisis Iklim/Perubahan Iklim,Mineral Kritis,Transisi Energi,Energi Baru Terbarukan,Krisis Iklim/Perubahan Iklim,Mineral Kritis,Transisi Energi,Energi Baru Terbarukan,Krisis Iklim/Perubahan Iklim,Mineral Kritis,Transisi Energi,Energi Baru Terbarukan,Krisis Iklim/Perubahan Iklim,Mineral Kritis,Transisi Energi,Energi Baru Terbarukan,Krisis Iklim/Perubahan Iklim,Mineral Kritis,,,,
Elit Politik,,Energi Baru Terbarukan,Krisis Iklim/Perubahan Iklim,,,Energi Baru Terbarukan,Krisis Iklim/Perubahan Iklim,,,Energi Baru Terbarukan,Krisis Iklim/Perubahan Iklim,,,Energi Baru Terbarukan,Krisis Iklim/Perubahan Iklim,,,Energi Baru Terbarukan,Krisis Iklim/Perubahan Iklim,,,Energi Baru Terbarukan,Krisis Iklim/Perubahan Iklim,,,Energi Baru Terbarukan,Krisis Iklim/Perubahan Iklim,,,,,
Elit Politik,Transisi Energi,Energi Baru Terbarukan,Krisis Iklim/Perubahan Iklim,Mineral Kritis,Transisi Energi,Energi Baru Terbarukan,Krisis Iklim/Perubahan Iklim,Mineral Kritis,Transisi Energi,Energi Baru Terbarukan,Krisis Iklim/Perubahan Iklim,Mineral Kritis,Transisi Energi,Energi Baru Terbarukan,Krisis Iklim/Perubahan Iklim,Mineral Kritis,Transisi Energi,Energi Baru Terbarukan,Krisis Iklim/Perubahan Iklim,Mineral Kritis,Transisi Energi,Energi Baru Terbarukan,Krisis Iklim/Perubahan Iklim,Mineral Kritis,Transisi Energi,Energi Baru Terbarukan,Krisis Iklim/Perubahan Iklim,Mineral Kritis,,,,
Birokrasi,Transisi Energi,Energi Baru Terbarukan,Krisis Iklim/Perubahan Iklim,Mineral Kritis,Transisi Energi,Energi Baru Terbarukan,Krisis Iklim/Perubahan Iklim,Mineral Kritis,Transisi Energi,Energi Baru Terbarukan,Krisis Iklim/Perubahan Iklim,Mineral Kritis,Transisi Energi,Energi Baru Terbarukan,Krisis Iklim/Perubahan Iklim,Mineral Kritis,Transisi Energi,Energi Baru Terbarukan,Krisis Iklim/Perubahan Iklim,Mineral Kritis,,,,,Transisi Energi,Energi Baru Terbarukan,Krisis Iklim/Perubahan Iklim,Mineral Kritis,,,,
Elit Politik,Transisi Energi,Energi Baru Terbarukan,Krisis Iklim/Perubahan Iklim,Mineral Kritis,,,,,,,,,,,,,,,,,,,,,Transisi Energi,Energi Baru Terbarukan,Krisis Iklim/Perubahan Iklim,Mineral Kritis,,,,
Elit Politik,Transisi Energi,Energi Baru Terbarukan,Krisis Iklim/Perubahan Iklim,Mineral Kritis,Transisi Energi,Energi Baru Terbarukan,Krisis Iklim/Perubahan Iklim,Mineral Kritis,Transisi Energi,Energi Baru Terbarukan,Krisis Iklim/Perubahan Iklim,Mineral Kritis,Transisi Energi,Energi Baru Terbarukan,Krisis Iklim/Perubahan Iklim,Mineral Kritis,Transisi Energi,Energi Baru Terbarukan,Krisis Iklim/Perubahan Iklim,Mineral Kritis,Transisi Energi,Energi Baru Terbarukan,Krisis Iklim/Perubahan Iklim,Mineral Kritis,Transisi Energi,,Krisis Iklim/Perubahan Iklim,,,,,
Birokrasi,Transisi Energi,,,,,,,Mineral Kritis,,,Krisis Iklim/Perubahan Iklim,,,,,Mineral Kritis,,,Krisis Iklim/Perubahan Iklim,,,,Krisis Iklim/Perubahan Iklim,,,,,Mineral Kritis,,,,
Elit Politik,Transisi Energi,Energi Baru Terbarukan,Krisis Iklim/Perubahan Iklim,Mineral Kritis,Transisi Energi,Energi Baru Terbarukan,Krisis Iklim/Perubahan Iklim,Mineral Kritis,Transisi Energi,Energi Baru Terbarukan,Krisis Iklim/Perubahan Iklim,Mineral Kritis,Transisi Energi,Energi Baru Terbarukan,Krisis Iklim/Perubahan Iklim,Mineral Kritis,Transisi Energi,Energi Baru Terbarukan,Krisis Iklim/Perubahan Iklim,Mineral Kritis,Transisi Energi,Energi Baru Terbarukan,Krisis Iklim/Perubahan Iklim,Mineral Kritis,Transisi Energi,Energi Baru Terbarukan,Krisis Iklim/Perubahan Iklim,Mineral Kritis,,,,
Birokrasi,Transisi Energi,Energi Baru Terbarukan,Krisis Iklim/Perubahan Iklim,Mineral Kritis,Transisi Energi,Energi Baru Terbarukan,Krisis Iklim/Perubahan Iklim,Mineral Kritis,Transisi Energi,Energi Baru Terbarukan,Krisis Iklim/Perubahan Iklim,Mineral Kritis,Transisi Energi,Energi Baru Terbarukan,Krisis Iklim/Perubahan Iklim,Mineral Kritis,Transisi Energi,Energi Baru Terbarukan,Krisis Iklim/Perubahan Iklim,Mineral Kritis,Transisi Energi,Energi Baru Terbarukan,Krisis Iklim/Perubahan Iklim,Mineral Kritis,Transisi Energi,Energi Baru Terbarukan,Krisis Iklim/Perubahan Iklim,Mineral Kritis,,,,
Birokrasi,Transisi Energi,Energi Baru Terbarukan,Krisis Iklim/Perubahan Iklim,,Transisi Energi,Energi Baru Terbarukan,Krisis Iklim/Perubahan Iklim,,Transisi Energi,Energi Baru Terbarukan,Krisis Iklim/Perubahan Iklim,,Transisi Energi,Energi Baru Terbarukan,Krisis Iklim/Perubahan Iklim,,Transisi Energi,Energi Baru Terbarukan,Krisis Iklim/Perubahan Iklim,,Transisi Energi,Energi Baru Terbarukan,Krisis Iklim/Perubahan Iklim,,Transisi Energi,Energi Baru Terbarukan,Krisis Iklim/Perubahan Iklim,,,,,
Birokrasi,Transisi Energi,Energi Baru Terbarukan,Krisis Iklim/Perubahan Iklim,Mineral Kritis,Transisi Energi,Energi Baru Terbarukan,Krisis Iklim/Perubahan Iklim,Mineral Kritis,Transisi Energi,Energi Baru Terbarukan,Krisis Iklim/Perubahan Iklim,Mineral Kritis,Transisi Energi,Energi Baru Terbarukan,Krisis Iklim/Perubahan Iklim,Mineral Kritis,Transisi Energi,Energi Baru Terbarukan,Krisis Iklim/Perubahan Iklim,Mineral Kritis,Transisi Energi,Energi Baru Terbarukan,Krisis Iklim/Perubahan Iklim,Mineral Kritis,Transisi Energi,Energi Baru Terbarukan,Krisis Iklim/Perubahan Iklim,Mineral Kritis,,,,
Birokrasi,Transisi Energi,Energi Baru Terbarukan,Krisis Iklim/Perubahan Iklim,,Transisi Energi,Energi Baru Terbarukan,Krisis Iklim/Perubahan Iklim,Mineral Kritis,Transisi Energi,Energi Baru Terbarukan,Krisis Iklim/Perubahan Iklim,Mineral Kritis,Transisi Energi,Energi Baru Terbarukan,Krisis Iklim/Perubahan Iklim,Mineral Kritis,Transisi Energi,Energi Baru Terbarukan,Krisis Iklim/Perubahan Iklim,Mineral Kritis,,Energi Baru Terbarukan,Krisis Iklim/Perubahan Iklim,,Transisi Energi,Energi Baru Terbarukan,Krisis Iklim/Perubahan Iklim,Mineral Kritis,,,,
Swasta,Transisi Energi,Energi Baru Terbarukan,Krisis Iklim/Perubahan Iklim,Mineral Kritis,Transisi Energi,,Krisis Iklim/Perubahan Iklim,,Transisi Energi,Energi Baru Terbarukan,Krisis Iklim/Perubahan Iklim,Mineral Kritis,Transisi Energi,,Krisis Iklim/Perubahan Iklim,Mineral Kritis,Transisi Energi,,Krisis Iklim/Perubahan Iklim,,,,Krisis Iklim/Perubahan Iklim,,Transisi Energi,Energi Baru Terbarukan,Krisis Iklim/Perubahan Iklim,Mineral Kritis,,,,
Birokrasi,,,,,,,,,,,,,Transisi Energi,Energi Baru Terbarukan,Krisis Iklim/Perubahan Iklim,Mineral Kritis,,,,,Transisi Energi,Energi Baru Terbarukan,Krisis Iklim/Perubahan Iklim,Mineral Kritis,Transisi Energi,Energi Baru Terbarukan,Krisis Iklim/Perubahan Iklim,Mineral Kritis,,,,
Elit Politik,,,Krisis Iklim/Perubahan Iklim,Mineral Kritis,Transisi Energi,Energi Baru Terbarukan,Krisis Iklim/Perubahan Iklim,Mineral Kritis,Transisi Energi,Energi Baru Terbarukan,Krisis Iklim/Perubahan Iklim,Mineral Kritis,Transisi Energi,Energi Baru Terbarukan,Krisis Iklim/Perubahan Iklim,Mineral Kritis,Transisi Energi,Energi Baru Terbarukan,Krisis Iklim/Perubahan Iklim,Mineral Kritis,Transisi Energi,Energi Baru Terbarukan,Krisis Iklim/Perubahan Iklim,Mineral Kritis,Transisi Energi,Energi Baru Terbarukan,Krisis Iklim/Perubahan Iklim,Mineral Kritis,,,,
Sipil,Transisi Energi,Energi Baru Terbarukan,Krisis Iklim/Perubahan Iklim,Mineral Kritis,Transisi Energi,Energi Baru Terbarukan,Krisis Iklim/Perubahan Iklim,Mineral Kritis,Transisi Energi,Energi Baru Terbarukan,Krisis Iklim/Perubahan Iklim,Mineral Kritis,Transisi Energi,,Krisis Iklim/Perubahan Iklim,Mineral Kritis,,,,,,,,,Transisi Energi,Energi Baru Terbarukan,Krisis Iklim/Perubahan Iklim,Mineral Kritis,,,,
Elit Politik,Transisi Energi,Energi Baru Terbarukan,Krisis Iklim/Perubahan Iklim,Mineral Kritis,Transisi Energi,Energi Baru Terbarukan,Krisis Iklim/Perubahan Iklim,Mineral Kritis,Transisi Energi,Energi Baru Terbarukan,Krisis Iklim/Perubahan Iklim,Mineral Kritis,Transisi Energi,Energi Baru Terbarukan,Krisis Iklim/Perubahan Iklim,Mineral Kritis,Transisi Energi,Energi Baru Terbarukan,Krisis Iklim/Perubahan Iklim,Mineral Kritis,Transisi Energi,Energi Baru Terbarukan,Krisis Iklim/Perubahan Iklim,Mineral Kritis,Transisi Energi,Energi Baru Terbarukan,Krisis Iklim/Perubahan Iklim,Mineral Kritis,,,,
,Transisi Energi,Energi Baru Terbarukan,Krisis Iklim/Perubahan Iklim,Mineral Kritis,Transisi Energi,Energi Baru Terbarukan,Krisis Iklim/Perubahan Iklim,Mineral Kritis,Transisi Energi,Energi Baru Terbarukan,Krisis Iklim/Perubahan Iklim,Mineral Kritis,Transisi Energi,Energi Baru Terbarukan,Krisis Iklim/Perubahan Iklim,Mineral Kritis,Transisi Energi,Energi Baru Terbarukan,Krisis Iklim/Perubahan Iklim,Mineral Kritis,Transisi Energi,Energi Baru Terbarukan,Krisis Iklim/Perubahan Iklim,Mineral Kritis,Transisi Energi,Energi Baru Terbarukan,Krisis Iklim/Perubahan Iklim,Mineral Kritis,,,,
Birokrasi,Transisi Energi,Energi Baru Terbarukan,Krisis Iklim/Perubahan Iklim,Mineral Kritis,Transisi Energi,Energi Baru Terbarukan,Krisis Iklim/Perubahan Iklim,Mineral Kritis,,,,,,,,,,,,,,,,,Transisi Energi,Energi Baru Terbarukan,Krisis Iklim/Perubahan Iklim,Mineral Kritis,,,,
Birokrasi,,,Krisis Iklim/Perubahan Iklim,,,,Krisis Iklim/Perubahan Iklim,,,,Krisis Iklim/Perubahan Iklim,,,,Krisis Iklim/Perubahan Iklim,,,,Krisis Iklim/Perubahan Iklim,,,Energi Baru Terbarukan,Krisis Iklim/Perubahan Iklim,,,Energi Baru Terbarukan,Krisis Iklim/Perubahan Iklim,,,,,
Elit Politik,,,Krisis Iklim/Perubahan Iklim,,,,Krisis Iklim/Perubahan Iklim,,,,Krisis Iklim/Perubahan Iklim,,,,Krisis Iklim/Perubahan Iklim,,,,Krisis Iklim/Perubahan Iklim,,,,Krisis Iklim/Perubahan Iklim,,,,Krisis Iklim/Perubahan Iklim,,,,,
Elit Politik,Transisi Energi,Energi Baru Terbarukan,Krisis Iklim/Perubahan Iklim,Mineral Kritis,Transisi Energi,Energi Baru Terbarukan,Krisis Iklim/Perubahan Iklim,Mineral Kritis,Transisi Energi,,,,Transisi Energi,Energi Baru Terbarukan,Krisis Iklim/Perubahan Iklim,,Transisi Energi,Energi Baru Terbarukan,Krisis Iklim/Perubahan Iklim,,Transisi Energi,Energi Baru Terbarukan,Krisis Iklim/Perubahan Iklim,,Transisi Energi,Energi Baru Terbarukan,,,,,,
,,,,,,,Krisis Iklim/Perubahan Iklim,,,,Krisis Iklim/Perubahan Iklim,,,,Krisis Iklim/Perubahan Iklim,,,,,Mineral Kritis,,,Krisis Iklim/Perubahan Iklim,,,,Krisis Iklim/Perubahan Iklim,,,,,
Birokrasi,,,Krisis Iklim/Perubahan Iklim,,,,Krisis Iklim/Perubahan Iklim,,,,Krisis Iklim/Perubahan Iklim,,,,Krisis Iklim/Perubahan Iklim,,,,Krisis Iklim/Perubahan Iklim,,,,Krisis Iklim/Perubahan Iklim,,,,Krisis Iklim/Perubahan Iklim,,,,,
Birokrasi,,Energi Baru Terbarukan,,,,Energi Baru Terbarukan,,,,Energi Baru Terbarukan,,,,Energi Baru Terbarukan,,,,Energi Baru Terbarukan,,,,Energi Baru Terbarukan,,,,Energi Baru Terbarukan,,,,,,
Birokrasi,Transisi Energi,Energi Baru Terbarukan,Krisis Iklim/Perubahan Iklim,Mineral Kritis,Transisi Energi,Energi Baru Terbarukan,Krisis Iklim/Perubahan Iklim,Mineral Kritis,,,,,,,,,,,,,,,,,Transisi Energi,Energi Baru Terbarukan,Krisis Iklim/Perubahan Iklim,Mineral Kritis,,,,
Birokrasi,,Energi Baru Terbarukan,Krisis Iklim/Perubahan Iklim,,,Energi Baru Terbarukan,Krisis Iklim/Perubahan Iklim,,,Energi Baru Terbarukan,Krisis Iklim/Perubahan Iklim,,,Energi Baru Terbarukan,Krisis Iklim/Perubahan Iklim,,,Energi Baru Terbarukan,Krisis Iklim/Perubahan Iklim,,,,Krisis Iklim/Perubahan Iklim,,,Energi Baru Terbarukan,Krisis Iklim/Perubahan Iklim,,,,,
Birokrasi,,,,,Transisi Energi,Energi Baru Terbarukan,Krisis Iklim/Perubahan Iklim,Mineral Kritis,Transisi Energi,Energi Baru Terbarukan,Krisis Iklim/Perubahan Iklim,Mineral Kritis,Transisi Energi,Energi Baru Terbarukan,Krisis Iklim/Perubahan Iklim,Mineral Kritis,Transisi Energi,Energi Baru Terbarukan,Krisis Iklim/Perubahan Iklim,Mineral Kritis,Transisi Energi,Energi Baru Terbarukan,Krisis Iklim/Perubahan Iklim,Mineral Kritis,Transisi Energi,Energi Baru Terbarukan,Krisis Iklim/Perubahan Iklim,Mineral Kritis,,,,
Birokrasi,Transisi Energi,Energi Baru Terbarukan,Krisis Iklim/Perubahan Iklim,Mineral Kritis,Transisi Energi,Energi Baru Terbarukan,Krisis Iklim/Perubahan Iklim,Mineral Kritis,,,,,,,,,,,,,Transisi Energi,Energi Baru Terbarukan,Krisis Iklim/Perubahan Iklim,Mineral Kritis,Transisi Energi,Energi Baru Terbarukan,Krisis Iklim/Perubahan Iklim,Mineral Kritis,,,,
Birokrasi,Transisi Energi,Energi Baru Terbarukan,Krisis Iklim/Perubahan Iklim,,Transisi Energi,Energi Baru Terbarukan,Krisis Iklim/Perubahan Iklim,,,,Krisis Iklim/Perubahan Iklim,,,,Krisis Iklim/Perubahan Iklim,,,Energi Baru Terbarukan,Krisis Iklim/Perubahan Iklim,,,Energi Baru Terbarukan,Krisis Iklim/Perubahan Iklim,,,Energi Baru Terbarukan,Krisis Iklim/Perubahan Iklim,,,,,
Birokrasi,,Energi Baru Terbarukan,Krisis Iklim/Perubahan Iklim,,,Energi Baru Terbarukan,Krisis Iklim/Perubahan Iklim,,,Energi Baru Terbarukan,Krisis Iklim/Perubahan Iklim,,,Energi Baru Terbarukan,Krisis Iklim/Perubahan Iklim,,,Energi Baru Terbarukan,Krisis Iklim/Perubahan Iklim,,,Energi Baru Terbarukan,Krisis Iklim/Perubahan Iklim,,,Energi Baru Terbarukan,Krisis Iklim/Perubahan Iklim,,,,,
Sipil,Transisi Energi,,,,,,,,,,,,Transisi Energi,,,,,,,,Transisi Energi,,,,,,,,,,,
Elit Politik,,Energi Baru Terbarukan,Krisis Iklim/Perubahan Iklim,,,Energi Baru Terbarukan,Krisis Iklim/Perubahan Iklim,,,Energi Baru Terbarukan,Krisis Iklim/Perubahan Iklim,,,Energi Baru Terbarukan,Krisis Iklim/Perubahan Iklim,,,Energi Baru Terbarukan,Krisis Iklim/Perubahan Iklim,,,Energi Baru Terbarukan,Krisis Iklim/Perubahan Iklim,,,Energi Baru Terbarukan,Krisis Iklim/Perubahan Iklim,,,,,
Elit Politik,Transisi Energi,Energi Baru Terbarukan,Krisis Iklim/Perubahan Iklim,Mineral Kritis,,,,,,,,,,,,,,,,,,,,,Transisi Energi,Energi Baru Terbarukan,Krisis Iklim/Perubahan Iklim,Mineral Kritis,,,,
Sipil,Transisi Energi,Energi Baru Terbarukan,Krisis Iklim/Perubahan Iklim,Mineral Kritis,Transisi Energi,Energi Baru Terbarukan,Krisis Iklim/Perubahan Iklim,Mineral Kritis,,,,,,,,,,,,,,,,,Transisi Energi,Energi Baru Terbarukan,Krisis Iklim/Perubahan Iklim,Mineral Kritis,,,,
Elit Politik,Transisi Energi,Energi Baru Terbarukan,Krisis Iklim/Perubahan Iklim,Mineral Kritis,,,,,,,,,,,,,,,,,,,,,Transisi Energi,Energi Baru Terbarukan,Krisis Iklim/Perubahan Iklim,Mineral Kritis,,,,
Elit Politik,,,,,,,,,,,,,,,,,,,,,,,,,Transisi Energi,Energi Baru Terbarukan,Krisis Iklim/Perubahan Iklim,Mineral Kritis,,,,
Elit Politik,,,,,,,,,,,,,,,,,,,,,,,,,Transisi Energi,Energi Baru Terbarukan,Krisis Iklim/Perubahan Iklim,Mineral Kritis,,,,
Swasta,Transisi Energi,Energi Baru Terbarukan,Krisis Iklim/Perubahan Iklim,Mineral Kritis,Transisi Energi,Energi Baru Terbarukan,Krisis Iklim/Perubahan Iklim,Mineral Kritis,Transisi Energi,Energi Baru Terbarukan,Krisis Iklim/Perubahan Iklim,Mineral Kritis,Transisi Energi,Energi Baru Terbarukan,Krisis Iklim/Perubahan Iklim,Mineral Kritis,,,,,,,,,Transisi Energi,Energi Baru Terbarukan,Krisis Iklim/Perubahan Iklim,Mineral Kritis,,,,
Elit Politik,,Energi Baru Terbarukan,Krisis Iklim/Perubahan Iklim,,,Energi Baru Terbarukan,Krisis Iklim/Perubahan Iklim,,,Energi Baru Terbarukan,Krisis Iklim/Perubahan Iklim,,,Energi Baru Terbarukan,Krisis Iklim/Perubahan Iklim,,,Energi Baru Terbarukan,Krisis Iklim/Perubahan Iklim,,,Energi Baru Terbarukan,Krisis Iklim/Perubahan Iklim,,,Energi Baru Terbarukan,Krisis Iklim/Perubahan Iklim,,,,,
Sipil,,,,,,,,,Transisi Energi,Energi Baru Terbarukan,Krisis Iklim/Perubahan Iklim,Mineral Kritis,,,,,,,,,,,,,Transisi Energi,Energi Baru Terbarukan,Krisis Iklim/Perubahan Iklim,Mineral Kritis,,,,
Elit Politik,Transisi Energi,Energi Baru Terbarukan,Krisis Iklim/Perubahan Iklim,Mineral Kritis,,,,,,,,,,,,,,,,,,,,,Transisi Energi,Energi Baru Terbarukan,Krisis Iklim/Perubahan Iklim,Mineral Kritis,,,,
Elit Politik,Transisi Energi,Energi Baru Terbarukan,Krisis Iklim/Perubahan Iklim,Mineral Kritis,Transisi Energi,Energi Baru Terbarukan,Krisis Iklim/Perubahan Iklim,Mineral Kritis,Transisi Energi,Energi Baru Terbarukan,Krisis Iklim/Perubahan Iklim,Mineral Kritis,Transisi Energi,Energi Baru Terbarukan,Krisis Iklim/Perubahan Iklim,Mineral Kritis,Transisi Energi,Energi Baru Terbarukan,Krisis Iklim/Perubahan Iklim,Mineral Kritis,Transisi Energi,Energi Baru Terbarukan,Krisis Iklim/Perubahan Iklim,Mineral Kritis,Transisi Energi,Energi Baru Terbarukan,Krisis Iklim/Perubahan Iklim,Mineral Kritis,,,,
Sipil,Transisi Energi,,,,,Energi Baru Terbarukan,,,,,,,,,Krisis Iklim/Perubahan Iklim,,,,,Mineral Kritis,Transisi Energi,Energi Baru Terbarukan,Krisis Iklim/Perubahan Iklim,Mineral Kritis,Transisi Energi,,,,,,,
Sipil,,Energi Baru Terbarukan,Krisis Iklim/Perubahan Iklim,,,Energi Baru Terbarukan,,,,,Krisis Iklim/Perubahan Iklim,,,,Krisis Iklim/Perubahan Iklim,,,Energi Baru Terbarukan,,,,Energi Baru Terbarukan,Krisis Iklim/Perubahan Iklim,,,Energi Baru Terbarukan,Krisis Iklim/Perubahan Iklim,,,,,
Birokrasi,Transisi Energi,Energi Baru Terbarukan,Krisis Iklim/Perubahan Iklim,Mineral Kritis,Transisi Energi,Energi Baru Terbarukan,Krisis Iklim/Perubahan Iklim,Mineral Kritis,Transisi Energi,Energi Baru Terbarukan,Krisis Iklim/Perubahan Iklim,Mineral Kritis,Transisi Energi,Energi Baru Terbarukan,Krisis Iklim/Perubahan Iklim,Mineral Kritis,Transisi Energi,Energi Baru Terbarukan,Krisis Iklim/Perubahan Iklim,Mineral Kritis,Transisi Energi,Energi Baru Terbarukan,Krisis Iklim/Perubahan Iklim,Mineral Kritis,Transisi Energi,Energi Baru Terbarukan,Krisis Iklim/Perubahan Iklim,Mineral Kritis,,,,
Birokrasi,Transisi Energi,Energi Baru Terbarukan,Krisis Iklim/Perubahan Iklim,Mineral Kritis,Transisi Energi,Energi Baru Terbarukan,Krisis Iklim/Perubahan Iklim,Mineral Kritis,,,,,,,,,,,Krisis Iklim/Perubahan Iklim,Mineral Kritis,,,,,Transisi Energi,Energi Baru Terbarukan,Krisis Iklim/Perubahan Iklim,Mineral Kritis,,,,
Elit Politik,,Energi Baru Terbarukan,Krisis Iklim/Perubahan Iklim,,,Energi Baru Terbarukan,Krisis Iklim/Perubahan Iklim,,,,Krisis Iklim/Perubahan Iklim,,,,Krisis Iklim/Perubahan Iklim,,,Energi Baru Terbarukan,Krisis Iklim/Perubahan Iklim,,,Energi Baru Terbarukan,Krisis Iklim/Perubahan Iklim,,,Energi Baru Terbarukan,Krisis Iklim/Perubahan Iklim,,,,,
Birokrasi,Transisi Energi,,,,,Energi Baru Terbarukan,,,,,Krisis Iklim/Perubahan Iklim,,,,,Mineral Kritis,,Energi Baru Terbarukan,,,Transisi Energi,,,,,,Krisis Iklim/Perubahan Iklim,,,,,
Birokrasi,Transisi Energi,,,,,,,Mineral Kritis,,Energi Baru Terbarukan,,,,,Krisis Iklim/Perubahan Iklim,,,,,Mineral Kritis,,,Krisis Iklim/Perubahan Iklim,,Transisi Energi,,,,,,,
Sipil,Transisi Energi,Energi Baru Terbarukan,,,Transisi Energi,Energi Baru Terbarukan,,,Transisi Energi,Energi Baru Terbarukan,,,Transisi Energi,Energi Baru Terbarukan,,,Transisi Energi,Energi Baru Terbarukan,,,Transisi Energi,Energi Baru Terbarukan,,,Transisi Energi,Energi Baru Terbarukan,Krisis Iklim/Perubahan Iklim,Mineral Kritis,,,,
Swasta,,,,,,,,,,,,,,,,,,,,,,Energi Baru Terbarukan,,,Transisi Energi,Energi Baru Terbarukan,Krisis Iklim/Perubahan Iklim,Mineral Kritis,,,,
Elit Politik,Transisi Energi,Energi Baru Terbarukan,Krisis Iklim/Perubahan Iklim,Mineral Kritis,Transisi Energi,Energi Baru Terbarukan,Krisis Iklim/Perubahan Iklim,Mineral Kritis,Transisi Energi,Energi Baru Terbarukan,Krisis Iklim/Perubahan Iklim,Mineral Kritis,,,,Mineral Kritis,Transisi Energi,Energi Baru Terbarukan,Krisis Iklim/Perubahan Iklim,Mineral Kritis,Transisi Energi,Energi Baru Terbarukan,Krisis Iklim/Perubahan Iklim,Mineral Kritis,Transisi Energi,Energi Baru Terbarukan,Krisis Iklim/Perubahan Iklim,Mineral Kritis,,,,
Birokrasi,Transisi Energi,Energi Baru Terbarukan,Krisis Iklim/Perubahan Iklim,Mineral Kritis,Transisi Energi,Energi Baru Terbarukan,Krisis Iklim/Perubahan Iklim,Mineral Kritis,Transisi Energi,Energi Baru Terbarukan,Krisis Iklim/Perubahan Iklim,Mineral Kritis,Transisi Energi,Energi Baru Terbarukan,Krisis Iklim/Perubahan Iklim,Mineral Kritis,Transisi Energi,Energi Baru Terbarukan,Krisis Iklim/Perubahan Iklim,Mineral Kritis,Transisi Energi,Energi Baru Terbarukan,Krisis Iklim/Perubahan Iklim,Mineral Kritis,Transisi Energi,Energi Baru Terbarukan,Krisis Iklim/Perubahan Iklim,Mineral Kritis,,,,
Birokrasi,Transisi Energi,Energi Baru Terbarukan,Krisis Iklim/Perubahan Iklim,Mineral Kritis,,,,,,,,,,,,,,,,,,,,,Transisi Energi,Energi Baru Terbarukan,Krisis Iklim/Perubahan Iklim,Mineral Kritis,,,,
Birokrasi,Transisi Energi,Energi Baru Terbarukan,Krisis Iklim/Perubahan Iklim,Mineral Kritis,,,,,,,,,,,,,,,,,,,,,Transisi Energi,Energi Baru Terbarukan,Krisis Iklim/Perubahan Iklim,Mineral Kritis,,,,
Birokrasi,,,,,,,,,,,,,,,,,,,,,,,,,,,,,,,,
Birokrasi,Transisi Energi,Energi Baru Terbarukan,Krisis Iklim/Perubahan Iklim,Mineral Kritis,,,,,,,,,,,,,,,,,,,,,Transisi Energi,Energi Baru Terbarukan,Krisis Iklim/Perubahan Iklim,Mineral Kritis,,,,
Swasta,,,,Mineral Kritis,,,Krisis Iklim/Perubahan Iklim,Mineral Kritis,,,Krisis Iklim/Perubahan Iklim,Mineral Kritis,,,Krisis Iklim/Perubahan Iklim,Mineral Kritis,,,Krisis Iklim/Perubahan Iklim,Mineral Kritis,,,Krisis Iklim/Perubahan Iklim,Mineral Kritis,Transisi Energi,Energi Baru Terbarukan,Krisis Iklim/Perubahan Iklim,Mineral Kritis,,,,
Birokrasi,Transisi Energi,Energi Baru Terbarukan,Krisis Iklim/Perubahan Iklim,Mineral Kritis,Transisi Energi,Energi Baru Terbarukan,Krisis Iklim/Perubahan Iklim,Mineral Kritis,Transisi Energi,Energi Baru Terbarukan,Krisis Iklim/Perubahan Iklim,Mineral Kritis,Transisi Energi,Energi Baru Terbarukan,Krisis Iklim/Perubahan Iklim,Mineral Kritis,Transisi Energi,Energi Baru Terbarukan,Krisis Iklim/Perubahan Iklim,Mineral Kritis,Transisi Energi,Energi Baru Terbarukan,Krisis Iklim/Perubahan Iklim,Mineral Kritis,Transisi Energi,Energi Baru Terbarukan,Krisis Iklim/Perubahan Iklim,Mineral Kritis,,,,
Birokrasi,Transisi Energi,Energi Baru Terbarukan,Krisis Iklim/Perubahan Iklim,Mineral Kritis,,,,,,,,,,,,,,,,,,,,,Transisi Energi,Energi Baru Terbarukan,Krisis Iklim/Perubahan Iklim,Mineral Kritis,,,,
Birokrasi,Transisi Energi,Energi Baru Terbarukan,Krisis Iklim/Perubahan Iklim,Mineral Kritis,Transisi Energi,Energi Baru Terbarukan,Krisis Iklim/Perubahan Iklim,Mineral Kritis,,,,,,,,,,,,,,,,,Transisi Energi,Energi Baru Terbarukan,Krisis Iklim/Perubahan Iklim,Mineral Kritis,,,,
Birokrasi,Transisi Energi,Energi Baru Terbarukan,Krisis Iklim/Perubahan Iklim,,Transisi Energi,Energi Baru Terbarukan,Krisis Iklim/Perubahan Iklim,,Transisi Energi,Energi Baru Terbarukan,Krisis Iklim/Perubahan Iklim,,Transisi Energi,Energi Baru Terbarukan,Krisis Iklim/Perubahan Iklim,,Transisi Energi,Energi Baru Terbarukan,Krisis Iklim/Perubahan Iklim,,,,Krisis Iklim/Perubahan Iklim,,Transisi Energi,Energi Baru Terbarukan,Krisis Iklim/Perubahan Iklim,Mineral Kritis,,,,
Birokrasi,Transisi Energi,Energi Baru Terbarukan,Krisis Iklim/Perubahan Iklim,Mineral Kritis,,,,,,,,,,,,,,,,,,,,,Transisi Energi,Energi Baru Terbarukan,Krisis Iklim/Perubahan Iklim,Mineral Kritis,,,,
Sipil,,,Krisis Iklim/Perubahan Iklim,,,,Krisis Iklim/Perubahan Iklim,,,,Krisis Iklim/Perubahan Iklim,,,,Krisis Iklim/Perubahan Iklim,,,,Krisis Iklim/Perubahan Iklim,,,,Krisis Iklim/Perubahan Iklim,,,,Krisis Iklim/Perubahan Iklim,,,,,
Birokrasi,Transisi Energi,Energi Baru Terbarukan,Krisis Iklim/Perubahan Iklim,Mineral Kritis,,,,,Transisi Energi,Energi Baru Terbarukan,Krisis Iklim/Perubahan Iklim,Mineral Kritis,,,,,,,,,Transisi Energi,Energi Baru Terbarukan,Krisis Iklim/Perubahan Iklim,Mineral Kritis,Transisi Energi,Energi Baru Terbarukan,Krisis Iklim/Perubahan Iklim,Mineral Kritis,,,,
Elit Politik,Transisi Energi,,Krisis Iklim/Perubahan Iklim,,Transisi Energi,,Krisis Iklim/Perubahan Iklim,,Transisi Energi,,Krisis Iklim/Perubahan Iklim,,Transisi Energi,,Krisis Iklim/Perubahan Iklim,,Transisi Energi,Energi Baru Terbarukan,Krisis Iklim/Perubahan Iklim,Mineral Kritis,Transisi Energi,Energi Baru Terbarukan,Krisis Iklim/Perubahan Iklim,Mineral Kritis,Transisi Energi,Energi Baru Terbarukan,Krisis Iklim/Perubahan Iklim,Mineral Kritis,,,,
Birokrasi,Transisi Energi,Energi Baru Terbarukan,Krisis Iklim/Perubahan Iklim,Mineral Kritis,,,,,,,,,Transisi Energi,Energi Baru Terbarukan,Krisis Iklim/Perubahan Iklim,Mineral Kritis,,,,,,,,,Transisi Energi,Energi Baru Terbarukan,Krisis Iklim/Perubahan Iklim,Mineral Kritis,,,,
Elit Politik,Transisi Energi,Energi Baru Terbarukan,Krisis Iklim/Perubahan Iklim,Mineral Kritis,Transisi Energi,Energi Baru Terbarukan,Krisis Iklim/Perubahan Iklim,Mineral Kritis,Transisi Energi,Energi Baru Terbarukan,Krisis Iklim/Perubahan Iklim,Mineral Kritis,Transisi Energi,Energi Baru Terbarukan,Krisis Iklim/Perubahan Iklim,Mineral Kritis,Transisi Energi,Energi Baru Terbarukan,Krisis Iklim/Perubahan Iklim,Mineral Kritis,Transisi Energi,Energi Baru Terbarukan,Krisis Iklim/Perubahan Iklim,Mineral Kritis,Transisi Energi,Energi Baru Terbarukan,Krisis Iklim/Perubahan Iklim,Mineral Kritis,,,,
Elit Politik,Transisi Energi,Energi Baru Terbarukan,Krisis Iklim/Perubahan Iklim,Mineral Kritis,Transisi Energi,Energi Baru Terbarukan,Krisis Iklim/Perubahan Iklim,Mineral Kritis,Transisi Energi,Energi Baru Terbarukan,Krisis Iklim/Perubahan Iklim,Mineral Kritis,,,Krisis Iklim/Perubahan Iklim,,,,Krisis Iklim/Perubahan Iklim,,,,Krisis Iklim/Perubahan Iklim,,,,Krisis Iklim/Perubahan Iklim,,,,,
Sipil,,,,Mineral Kritis,Transisi Energi,,,,,,Krisis Iklim/Perubahan Iklim,,,Energi Baru Terbarukan,,,Transisi Energi,,,,,,,Mineral Kritis,,Energi Baru Terbarukan,,,,,,
Sipil,,,,,,,,,Transisi Energi,Energi Baru Terbarukan,Krisis Iklim/Perubahan Iklim,Mineral Kritis,,,,,,,,,,,,,,,,,,,,
Elit Politik,,,,Mineral Kritis,Transisi Energi,Energi Baru Terbarukan,Krisis Iklim/Perubahan Iklim,Mineral Kritis,Transisi Energi,Energi Baru Terbarukan,Krisis Iklim/Perubahan Iklim,Mineral Kritis,Transisi Energi,Energi Baru Terbarukan,Krisis Iklim/Perubahan Iklim,Mineral Kritis,,,,,Transisi Energi,Energi Baru Terbarukan,Krisis Iklim/Perubahan Iklim,Mineral Kritis,Transisi Energi,Energi Baru Terbarukan,Krisis Iklim/Perubahan Iklim,Mineral Kritis,,,,
Birokrasi,Transisi Energi,,,,,,,Mineral Kritis,,,,Mineral Kritis,,Energi Baru Terbarukan,,,,,,Mineral Kritis,,Energi Baru Terbarukan,,,,,,Mineral Kritis,,,,
Birokrasi,,,Krisis Iklim/Perubahan Iklim,,Transisi Energi,,,,,,Krisis Iklim/Perubahan Iklim,,,,Krisis Iklim/Perubahan Iklim,,,,Krisis Iklim/Perubahan Iklim,,,,Krisis Iklim/Perubahan Iklim,,Transisi Energi,,,,,,,
Elit Politik,Transisi Energi,Energi Baru Terbarukan,Krisis Iklim/Perubahan Iklim,Mineral Kritis,,,,,Transisi Energi,Energi Baru Terbarukan,Krisis Iklim/Perubahan Iklim,Mineral Kritis,,,,,,,,,,,,,Transisi Energi,Energi Baru Terbarukan,Krisis Iklim/Perubahan Iklim,Mineral Kritis,,,,
Elit Politik,,Energi Baru Terbarukan,Krisis Iklim/Perubahan Iklim,,,Energi Baru Terbarukan,Krisis Iklim/Perubahan Iklim,,,Energi Baru Terbarukan,Krisis Iklim/Perubahan Iklim,,,Energi Baru Terbarukan,Krisis Iklim/Perubahan Iklim,,,Energi Baru Terbarukan,Krisis Iklim/Perubahan Iklim,,,Energi Baru Terbarukan,Krisis Iklim/Perubahan Iklim,,,Energi Baru Terbarukan,Krisis Iklim/Perubahan Iklim,,,,,
Birokrasi,Transisi Energi,Energi Baru Terbarukan,Krisis Iklim/Perubahan Iklim,Mineral Kritis,Transisi Energi,Energi Baru Terbarukan,Krisis Iklim/Perubahan Iklim,Mineral Kritis,Transisi Energi,Energi Baru Terbarukan,Krisis Iklim/Perubahan Iklim,Mineral Kritis,Transisi Energi,Energi Baru Terbarukan,Krisis Iklim/Perubahan Iklim,Mineral Kritis,,Energi Baru Terbarukan,,,,,Krisis Iklim/Perubahan Iklim,,Transisi Energi,Energi Baru Terbarukan,,,,,,
Birokrasi,Transisi Energi,Energi Baru Terbarukan,Krisis Iklim/Perubahan Iklim,Mineral Kritis,Transisi Energi,Energi Baru Terbarukan,Krisis Iklim/Perubahan Iklim,Mineral Kritis,,,,,Transisi Energi,Energi Baru Terbarukan,Krisis Iklim/Perubahan Iklim,Mineral Kritis,,,,,Transisi Energi,Energi Baru Terbarukan,Krisis Iklim/Perubahan Iklim,Mineral Kritis,Transisi Energi,Energi Baru Terbarukan,Krisis Iklim/Perubahan Iklim,Mineral Kritis,,,,
Birokrasi,Transisi Energi,Energi Baru Terbarukan,Krisis Iklim/Perubahan Iklim,,Transisi Energi,Energi Baru Terbarukan,Krisis Iklim/Perubahan Iklim,,Transisi Energi,Energi Baru Terbarukan,Krisis Iklim/Perubahan Iklim,,Transisi Energi,,Krisis Iklim/Perubahan Iklim,,Transisi Energi,Energi Baru Terbarukan,Krisis Iklim/Perubahan Iklim,,Transisi Energi,Energi Baru Terbarukan,Krisis Iklim/Perubahan Iklim,,Transisi Energi,Energi Baru Terbarukan,Krisis Iklim/Perubahan Iklim,,,,,
Birokrasi,,Energi Baru Terbarukan,,,,,Krisis Iklim/Perubahan Iklim,,,,Krisis Iklim/Perubahan Iklim,,,,Krisis Iklim/Perubahan Iklim,,,Energi Baru Terbarukan,Krisis Iklim/Perubahan Iklim,,,,Krisis Iklim/Perubahan Iklim,,,,Krisis Iklim/Perubahan Iklim,,,,,
Birokrasi,Transisi Energi,Energi Baru Terbarukan,Krisis Iklim/Perubahan Iklim,Mineral Kritis,Transisi Energi,Energi Baru Terbarukan,Krisis Iklim/Perubahan Iklim,Mineral Kritis,Transisi Energi,Energi Baru Terbarukan,Krisis Iklim/Perubahan Iklim,Mineral Kritis,Transisi Energi,Energi Baru Terbarukan,Krisis Iklim/Perubahan Iklim,Mineral Kritis,Transisi Energi,Energi Baru Terbarukan,Krisis Iklim/Perubahan Iklim,Mineral Kritis,Transisi Energi,Energi Baru Terbarukan,Krisis Iklim/Perubahan Iklim,Mineral Kritis,Transisi Energi,Energi Baru Terbarukan,Krisis Iklim/Perubahan Iklim,Mineral Kritis,,,,
Birokrasi,Transisi Energi,Energi Baru Terbarukan,Krisis Iklim/Perubahan Iklim,Mineral Kritis,,,,,,,,,,,,,,,,,,,,,Transisi Energi,Energi Baru Terbarukan,Krisis Iklim/Perubahan Iklim,Mineral Kritis,,,,
Birokrasi,Transisi Energi,Energi Baru Terbarukan,Krisis Iklim/Perubahan Iklim,Mineral Kritis,Transisi Energi,Energi Baru Terbarukan,Krisis Iklim/Perubahan Iklim,Mineral Kritis,Transisi Energi,Energi Baru Terbarukan,Krisis Iklim/Perubahan Iklim,Mineral Kritis,Transisi Energi,Energi Baru Terbarukan,Krisis Iklim/Perubahan Iklim,Mineral Kritis,Transisi Energi,Energi Baru Terbarukan,Krisis Iklim/Perubahan Iklim,Mineral Kritis,Transisi Energi,Energi Baru Terbarukan,Krisis Iklim/Perubahan Iklim,Mineral Kritis,Transisi Energi,Energi Baru Terbarukan,Krisis Iklim/Perubahan Iklim,Mineral Kritis,,,,
Birokrasi,Transisi Energi,Energi Baru Terbarukan,Krisis Iklim/Perubahan Iklim,Mineral Kritis,,Energi Baru Terbarukan,Krisis Iklim/Perubahan Iklim,Mineral Kritis,,,Krisis Iklim/Perubahan Iklim,Mineral Kritis,,,Krisis Iklim/Perubahan Iklim,Mineral Kritis,,,Krisis Iklim/Perubahan Iklim,Mineral Kritis,Transisi Energi,Energi Baru Terbarukan,Krisis Iklim/Perubahan Iklim,Mineral Kritis,Transisi Energi,Energi Baru Terbarukan,Krisis Iklim/Perubahan Iklim,Mineral Kritis,,,,
Birokrasi,,,Krisis Iklim/Perubahan Iklim,,Transisi Energi,,Krisis Iklim/Perubahan Iklim,,,Energi Baru Terbarukan,Krisis Iklim/Perubahan Iklim,,,Energi Baru Terbarukan,Krisis Iklim/Perubahan Iklim,,,Energi Baru Terbarukan,Krisis Iklim/Perubahan Iklim,,,Energi Baru Terbarukan,Krisis Iklim/Perubahan Iklim,,,Energi Baru Terbarukan,Krisis Iklim/Perubahan Iklim,,,,,
Birokrasi,Transisi Energi,Energi Baru Terbarukan,Krisis Iklim/Perubahan Iklim,Mineral Kritis,Transisi Energi,Energi Baru Terbarukan,Krisis Iklim/Perubahan Iklim,Mineral Kritis,Transisi Energi,Energi Baru Terbarukan,Krisis Iklim/Perubahan Iklim,Mineral Kritis,Transisi Energi,Energi Baru Terbarukan,Krisis Iklim/Perubahan Iklim,Mineral Kritis,Transisi Energi,Energi Baru Terbarukan,Krisis Iklim/Perubahan Iklim,Mineral Kritis,Transisi Energi,Energi Baru Terbarukan,Krisis Iklim/Perubahan Iklim,Mineral Kritis,Transisi Energi,Energi Baru Terbarukan,Krisis Iklim/Perubahan Iklim,Mineral Kritis,,,,
Elit Politik,Transisi Energi,Energi Baru Terbarukan,Krisis Iklim/Perubahan Iklim,Mineral Kritis,,,,,,,,,Transisi Energi,Energi Baru Terbarukan,Krisis Iklim/Perubahan Iklim,Mineral Kritis,,,,,Transisi Energi,Energi Baru Terbarukan,Krisis Iklim/Perubahan Iklim,Mineral Kritis,Transisi Energi,Energi Baru Terbarukan,Krisis Iklim/Perubahan Iklim,Mineral Kritis,,,,
Sipil,Transisi Energi,Energi Baru Terbarukan,Krisis Iklim/Perubahan Iklim,Mineral Kritis,Transisi Energi,Energi Baru Terbarukan,Krisis Iklim/Perubahan Iklim,Mineral Kritis,Transisi Energi,Energi Baru Terbarukan,Krisis Iklim/Perubahan Iklim,Mineral Kritis,Transisi Energi,Energi Baru Terbarukan,Krisis Iklim/Perubahan Iklim,Mineral Kritis,Transisi Energi,Energi Baru Terbarukan,Krisis Iklim/Perubahan Iklim,Mineral Kritis,Transisi Energi,Energi Baru Terbarukan,Krisis Iklim/Perubahan Iklim,Mineral Kritis,Transisi Energi,Energi Baru Terbarukan,Krisis Iklim/Perubahan Iklim,Mineral Kritis,,,,
Birokrasi,Transisi Energi,Energi Baru Terbarukan,Krisis Iklim/Perubahan Iklim,Mineral Kritis,Transisi Energi,Energi Baru Terbarukan,Krisis Iklim/Perubahan Iklim,Mineral Kritis,Transisi Energi,Energi Baru Terbarukan,Krisis Iklim/Perubahan Iklim,Mineral Kritis,Transisi Energi,Energi Baru Terbarukan,Krisis Iklim/Perubahan Iklim,Mineral Kritis,Transisi Energi,Energi Baru Terbarukan,Krisis Iklim/Perubahan Iklim,Mineral Kritis,Transisi Energi,Energi Baru Terbarukan,Krisis Iklim/Perubahan Iklim,Mineral Kritis,Transisi Energi,Energi Baru Terbarukan,Krisis Iklim/Perubahan Iklim,Mineral Kritis,,,,
Sipil,Transisi Energi,Energi Baru Terbarukan,Krisis Iklim/Perubahan Iklim,Mineral Kritis,,,,,Transisi Energi,Energi Baru Terbarukan,Krisis Iklim/Perubahan Iklim,Mineral Kritis,Transisi Energi,Energi Baru Terbarukan,Krisis Iklim/Perubahan Iklim,Mineral Kritis,,,,,Transisi Energi,Energi Baru Terbarukan,Krisis Iklim/Perubahan Iklim,Mineral Kritis,,,,,,,,
Birokrasi,Transisi Energi,Energi Baru Terbarukan,Krisis Iklim/Perubahan Iklim,,Transisi Energi,Energi Baru Terbarukan,Krisis Iklim/Perubahan Iklim,,Transisi Energi,Energi Baru Terbarukan,Krisis Iklim/Perubahan Iklim,,Transisi Energi,Energi Baru Terbarukan,Krisis Iklim/Perubahan Iklim,,Transisi Energi,Energi Baru Terbarukan,Krisis Iklim/Perubahan Iklim,,Transisi Energi,Energi Baru Terbarukan,Krisis Iklim/Perubahan Iklim,,Transisi Energi,Energi Baru Terbarukan,Krisis Iklim/Perubahan Iklim,,,,,
Sipil,,,Krisis Iklim/Perubahan Iklim,,Transisi Energi,Energi Baru Terbarukan,Krisis Iklim/Perubahan Iklim,Mineral Kritis,,,Krisis Iklim/Perubahan Iklim,,,,Krisis Iklim/Perubahan Iklim,,,,Krisis Iklim/Perubahan Iklim,,,,Krisis Iklim/Perubahan Iklim,,,,Krisis Iklim/Perubahan Iklim,,,,,
Elit Politik,Transisi Energi,Energi Baru Terbarukan,Krisis Iklim/Perubahan Iklim,Mineral Kritis,Transisi Energi,Energi Baru Terbarukan,Krisis Iklim/Perubahan Iklim,Mineral Kritis,Transisi Energi,Energi Baru Terbarukan,Krisis Iklim/Perubahan Iklim,Mineral Kritis,Transisi Energi,Energi Baru Terbarukan,Krisis Iklim/Perubahan Iklim,Mineral Kritis,Transisi Energi,Energi Baru Terbarukan,Krisis Iklim/Perubahan Iklim,Mineral Kritis,Transisi Energi,Energi Baru Terbarukan,Krisis Iklim/Perubahan Iklim,Mineral Kritis,Transisi Energi,Energi Baru Terbarukan,Krisis Iklim/Perubahan Iklim,Mineral Kritis,,,,
Sipil,Transisi Energi,Energi Baru Terbarukan,Krisis Iklim/Perubahan Iklim,Mineral Kritis,Transisi Energi,Energi Baru Terbarukan,Krisis Iklim/Perubahan Iklim,Mineral Kritis,Transisi Energi,Energi Baru Terbarukan,Krisis Iklim/Perubahan Iklim,Mineral Kritis,Transisi Energi,Energi Baru Terbarukan,Krisis Iklim/Perubahan Iklim,Mineral Kritis,Transisi Energi,Energi Baru Terbarukan,Krisis Iklim/Perubahan Iklim,Mineral Kritis,Transisi Energi,Energi Baru Terbarukan,Krisis Iklim/Perubahan Iklim,Mineral Kritis,Transisi Energi,Energi Baru Terbarukan,Krisis Iklim/Perubahan Iklim,Mineral Kritis,,,,
Birokrasi,Transisi Energi,Energi Baru Terbarukan,Krisis Iklim/Perubahan Iklim,Mineral Kritis,Transisi Energi,Energi Baru Terbarukan,Krisis Iklim/Perubahan Iklim,Mineral Kritis,Transisi Energi,Energi Baru Terbarukan,Krisis Iklim/Perubahan Iklim,Mineral Kritis,Transisi Energi,Energi Baru Terbarukan,Krisis Iklim/Perubahan Iklim,Mineral Kritis,Transisi Energi,Energi Baru Terbarukan,Krisis Iklim/Perubahan Iklim,Mineral Kritis,Transisi Energi,Energi Baru Terbarukan,Krisis Iklim/Perubahan Iklim,Mineral Kritis,Transisi Energi,Energi Baru Terbarukan,Krisis Iklim/Perubahan Iklim,Mineral Kritis,,,,
Swasta,,Energi Baru Terbarukan,Krisis Iklim/Perubahan Iklim,Mineral Kritis,,,Krisis Iklim/Perubahan Iklim,Mineral Kritis,,,Krisis Iklim/Perubahan Iklim,Mineral Kritis,,,Krisis Iklim/Perubahan Iklim,Mineral Kritis,,,Krisis Iklim/Perubahan Iklim,Mineral Kritis,,Energi Baru Terbarukan,Krisis Iklim/Perubahan Iklim,Mineral Kritis,,Energi Baru Terbarukan,Krisis Iklim/Perubahan Iklim,Mineral Kritis,,,,
Birokrasi,Transisi Energi,Energi Baru Terbarukan,Krisis Iklim/Perubahan Iklim,Mineral Kritis,Transisi Energi,Energi Baru Terbarukan,Krisis Iklim/Perubahan Iklim,Mineral Kritis,Transisi Energi,Energi Baru Terbarukan,Krisis Iklim/Perubahan Iklim,Mineral Kritis,,Energi Baru Terbarukan,Krisis Iklim/Perubahan Iklim,,Transisi Energi,Energi Baru Terbarukan,Krisis Iklim/Perubahan Iklim,,,Energi Baru Terbarukan,Krisis Iklim/Perubahan Iklim,,Transisi Energi,Energi Baru Terbarukan,Krisis Iklim/Perubahan Iklim,Mineral Kritis,,,Krisis Iklim/Perubahan Iklim,
Elit Politik,Transisi Energi,Energi Baru Terbarukan,Krisis Iklim/Perubahan Iklim,Mineral Kritis,Transisi Energi,Energi Baru Terbarukan,Krisis Iklim/Perubahan Iklim,Mineral Kritis,Transisi Energi,Energi Baru Terbarukan,Krisis Iklim/Perubahan Iklim,,Transisi Energi,Energi Baru Terbarukan,Krisis Iklim/Perubahan Iklim,Mineral Kritis,,,,,Transisi Energi,Energi Baru Terbarukan,Krisis Iklim/Perubahan Iklim,Mineral Kritis,Transisi Energi,Energi Baru Terbarukan,Krisis Iklim/Perubahan Iklim,Mineral Kritis,,,,
Elit Politik,,Energi Baru Terbarukan,,,,,,Mineral Kritis,,Energi Baru Terbarukan,,,,Energi Baru Terbarukan,,,,Energi Baru Terbarukan,,,Transisi Energi,Energi Baru Terbarukan,Krisis Iklim/Perubahan Iklim,Mineral Kritis,Transisi Energi,Energi Baru Terbarukan,Krisis Iklim/Perubahan Iklim,Mineral Kritis,,,,
Birokrasi,Transisi Energi,Energi Baru Terbarukan,Krisis Iklim/Perubahan Iklim,Mineral Kritis,Transisi Energi,Energi Baru Terbarukan,Krisis Iklim/Perubahan Iklim,Mineral Kritis,Transisi Energi,Energi Baru Terbarukan,Krisis Iklim/Perubahan Iklim,Mineral Kritis,Transisi Energi,Energi Baru Terbarukan,Krisis Iklim/Perubahan Iklim,Mineral Kritis,Transisi Energi,Energi Baru Terbarukan,Krisis Iklim/Perubahan Iklim,Mineral Kritis,Transisi Energi,Energi Baru Terbarukan,Krisis Iklim/Perubahan Iklim,Mineral Kritis,Transisi Energi,Energi Baru Terbarukan,Krisis Iklim/Perubahan Iklim,Mineral Kritis,,,,
Sipil,Transisi Energi,Energi Baru Terbarukan,Krisis Iklim/Perubahan Iklim,Mineral Kritis,Transisi Energi,Energi Baru Terbarukan,Krisis Iklim/Perubahan Iklim,Mineral Kritis,,,,,,,,,Transisi Energi,Energi Baru Terbarukan,Krisis Iklim/Perubahan Iklim,Mineral Kritis,Transisi Energi,Energi Baru Terbarukan,Krisis Iklim/Perubahan Iklim,Mineral Kritis,Transisi Energi,Energi Baru Terbarukan,Krisis Iklim/Perubahan Iklim,Mineral Kritis,,,,
Birokrasi,Transisi Energi,Energi Baru Terbarukan,Krisis Iklim/Perubahan Iklim,Mineral Kritis,Transisi Energi,Energi Baru Terbarukan,Krisis Iklim/Perubahan Iklim,Mineral Kritis,Transisi Energi,Energi Baru Terbarukan,Krisis Iklim/Perubahan Iklim,,Transisi Energi,,Krisis Iklim/Perubahan Iklim,,Transisi Energi,Energi Baru Terbarukan,Krisis Iklim/Perubahan Iklim,,Transisi Energi,Energi Baru Terbarukan,Krisis Iklim/Perubahan Iklim,Mineral Kritis,Transisi Energi,Energi Baru Terbarukan,Krisis Iklim/Perubahan Iklim,Mineral Kritis,Transisi Energi,Energi Baru Terbarukan,Krisis Iklim/Perubahan Iklim,Mineral Kritis
Sipil,Transisi Energi,,Krisis Iklim/Perubahan Iklim,,Transisi Energi,,Krisis Iklim/Perubahan Iklim,,Transisi Energi,,Krisis Iklim/Perubahan Iklim,,Transisi Energi,,Krisis Iklim/Perubahan Iklim,,Transisi Energi,,Krisis Iklim/Perubahan Iklim,,Transisi Energi,,Krisis Iklim/Perubahan Iklim,,Transisi Energi,Energi Baru Terbarukan,Krisis Iklim/Perubahan Iklim,Mineral Kritis,,,,
Birokrasi,,,,Mineral Kritis,,,,Mineral Kritis,,,,Mineral Kritis,,,,Mineral Kritis,,,,Mineral Kritis,,,,Mineral Kritis,,,,Mineral Kritis,,,,
Swasta,,,,Mineral Kritis,Transisi Energi,Energi Baru Terbarukan,Krisis Iklim/Perubahan Iklim,Mineral Kritis,,,,,Transisi Energi,Energi Baru Terbarukan,Krisis Iklim/Perubahan Iklim,Mineral Kritis,,,Krisis Iklim/Perubahan Iklim,,,,,Mineral Kritis,Transisi Energi,Energi Baru Terbarukan,Krisis Iklim/Perubahan Iklim,Mineral Kritis,,,,