Pekerjaan,Kebijakan yang masih sentralistik - Transisi Energi,Kebijakan yang masih sentralistik - Energi Baru Terbarukan,Kebijakan yang masih sentralistik - Krisis Iklim/Perubahan Iklim,Kebijakan yang masih sentralistik - Mineral Kritis,Kuatnya ego sektoral antara Organisasi Pemerintah Daerah - Transisi Energi,Kuatnya ego sektoral antara Organisasi Pemerintah Daerah - Energi Baru Terbarukan,Kuatnya ego sektoral antara Organisasi Pemerintah Daerah - Krisis Iklim/Perubahan Iklim,Kuatnya ego sektoral antara Organisasi Pemerintah Daerah - Mineral Kritis,Kapasitas para kandidat di Pilkada yang lemah - Transisi Energi,Kapasitas para kandidat di Pilkada yang lemah - Energi Baru Terbarukan,Kapasitas para kandidat di Pilkada yang lemah - Krisis Iklim/Perubahan Iklim,Kapasitas para kandidat di Pilkada yang lemah - Mineral Kritis,"Kurangnya kerjasama antara elit, CSO dan masyarakat - Transisi Energi","Kurangnya kerjasama antara elit, CSO dan masyarakat - Energi Baru Terbarukan","Kurangnya kerjasama antara elit, CSO dan masyarakat - Krisis Iklim/Perubahan Iklim","Kurangnya kerjasama antara elit, CSO dan masyarakat - Mineral Kritis",Dibutuhkan sumber daya finansial yang lebih besar - Transisi Energi,Dibutuhkan sumber daya finansial yang lebih besar - Energi Baru Terbarukan,Dibutuhkan sumber daya finansial yang lebih besar - Krisis Iklim/Perubahan Iklim,Dibutuhkan sumber daya finansial yang lebih besar - Mineral Kritis,Adanya potensi konflik kepentingan antar elit dan kandidat jika isu ini dibawa ke Pilkada - Transisi Energi,Adanya potensi konflik kepentingan antar elit dan kandidat jika isu ini dibawa ke Pilkada - Energi Baru Terbarukan,Adanya potensi konflik kepentingan antar elit dan kandidat jika isu ini dibawa ke Pilkada - Krisis Iklim/Perubahan Iklim,Adanya potensi konflik kepentingan antar elit dan kandidat jika isu ini dibawa ke Pilkada - Mineral Kritis,Sumber Daya dan Kesiapan Masyarakat yang lemah - Transisi Energi,Sumber Daya dan Kesiapan Masyarakat yang lemah - Energi Baru Terbarukan,Sumber Daya dan Kesiapan Masyarakat yang lemah - Krisis Iklim/Perubahan Iklim,Sumber Daya dan Kesiapan Masyarakat yang lemah - Mineral Kritis,Masyarakat lebih fokus pada masalah keseharian yang lebih konkret dibanding empat isu tersebut - Transisi Energi,Masyarakat lebih fokus pada masalah keseharian yang lebih konkret dibanding empat isu tersebut - Energi Baru Terbarukan,Masyarakat lebih fokus pada masalah keseharian yang lebih konkret dibanding empat isu tersebut - Krisis Iklim/Perubahan Iklim,Masyarakat lebih fokus pada masalah keseharian yang lebih konkret dibanding empat isu tersebut - Mineral Kritis
Elit Politik,Transisi Energi,Energi Baru Terbarukan,Krisis Iklim/Perubahan Iklim,Mineral Kritis,,,,,,,,,,,,,Transisi Energi,Energi Baru Terbarukan,Krisis Iklim/Perubahan Iklim,Mineral Kritis,,,,,,,,,Transisi Energi,Energi Baru Terbarukan,Krisis Iklim/Perubahan Iklim,Mineral Kritis
Birokrasi,Transisi Energi,Energi Baru Terbarukan,Krisis Iklim/Perubahan Iklim,Mineral Kritis,,,,,,,,,,,,,,,,,,,,,,,,,,,,
Elit Politik,Transisi Energi,Energi Baru Terbarukan,Krisis Iklim/Perubahan Iklim,Mineral Kritis,,,,,,,,,,,,,,,,,,,,,,,,,,,,
Birokrasi,Transisi Energi,,Krisis Iklim/Perubahan Iklim,,,,Krisis Iklim/Perubahan Iklim,Mineral Kritis,Transisi Energi,,,Mineral Kritis,Transisi Energi,,,Mineral Kritis,Transisi Energi,,,Mineral Kritis,Transisi Energi,Energi Baru Terbarukan,,,Transisi Energi,,,Mineral Kritis,,,,Mineral Kritis
Elit Politik,Transisi Energi,Energi Baru Terbarukan,Krisis Iklim/Perubahan Iklim,Mineral Kritis,,,,,,,,,,,,,,,,,,,,,,,,,,,,
Birokrasi,,,Krisis Iklim/Perubahan Iklim,,Transisi Energi,,,Mineral Kritis,,,Krisis Iklim/Perubahan Iklim,,,,,Mineral Kritis,,Energi Baru Terbarukan,,,Transisi Energi,,,,,Energi Baru Terbarukan,,,,,Krisis Iklim/Perubahan Iklim,
Elit Politik,Transisi Energi,Energi Baru Terbarukan,Krisis Iklim/Perubahan Iklim,Mineral Kritis,,,,,,,,,,,,,,,,,,,,,Transisi Energi,Energi Baru Terbarukan,Krisis Iklim/Perubahan Iklim,Mineral Kritis,Transisi Energi,Energi Baru Terbarukan,Krisis Iklim/Perubahan Iklim,Mineral Kritis
Elit Politik,Transisi Energi,Energi Baru Terbarukan,Krisis Iklim/Perubahan Iklim,Mineral Kritis,,,,,,,,,,,,,Transisi Energi,Energi Baru Terbarukan,,Mineral Kritis,,,,,,,,,Transisi Energi,Energi Baru Terbarukan,Krisis Iklim/Perubahan Iklim,Mineral Kritis
Birokrasi,,Energi Baru Terbarukan,,,,,,Mineral Kritis,Transisi Energi,Energi Baru Terbarukan,,,,,,Mineral Kritis,,Energi Baru Terbarukan,,Mineral Kritis,,,,Mineral Kritis,Transisi Energi,,,,,,Krisis Iklim/Perubahan Iklim,Mineral Kritis
Elit Politik,Transisi Energi,Energi Baru Terbarukan,Krisis Iklim/Perubahan Iklim,Mineral Kritis,,,,,,,,,,,,,Transisi Energi,Energi Baru Terbarukan,Krisis Iklim/Perubahan Iklim,Mineral Kritis,,,,,Transisi Energi,Energi Baru Terbarukan,Krisis Iklim/Perubahan Iklim,Mineral Kritis,,,,
Elit Politik,Transisi Energi,Energi Baru Terbarukan,Krisis Iklim/Perubahan Iklim,Mineral Kritis,,,,,,,,,,,,,,,,,,,,,Transisi Energi,Energi Baru Terbarukan,Krisis Iklim/Perubahan Iklim,Mineral Kritis,Transisi Energi,Energi Baru Terbarukan,Krisis Iklim/Perubahan Iklim,Mineral Kritis
Elit Politik,Transisi Energi,Energi Baru Terbarukan,Krisis Iklim/Perubahan Iklim,Mineral Kritis,,,,,,,,,,,,,,,,,,,,,Transisi Energi,Energi Baru Terbarukan,Krisis Iklim/Perubahan Iklim,Mineral Kritis,Transisi Energi,Energi Baru Terbarukan,Krisis Iklim/Perubahan Iklim,Mineral Kritis
Elit Politik,Transisi Energi,Energi Baru Terbarukan,,Mineral Kritis,Transisi Energi,,,Mineral Kritis,Transisi Energi,Energi Baru Terbarukan,Krisis Iklim/Perubahan Iklim,Mineral Kritis,Transisi Energi,Energi Baru Terbarukan,,,Transisi Energi,Energi Baru Terbarukan,,,Transisi Energi,Energi Baru Terbarukan,Krisis Iklim/Perubahan Iklim,Mineral Kritis,,,Krisis Iklim/Perubahan Iklim,,Transisi Energi,,Krisis Iklim/Perubahan Iklim,Mineral Kritis
Elit Politik,,,Krisis Iklim/Perubahan Iklim,,,,Krisis Iklim/Perubahan Iklim,,,,,Mineral Kritis,,,,Mineral Kritis,,Energi Baru Terbarukan,,,,Energi Baru Terbarukan,Krisis Iklim/Perubahan Iklim,,Transisi Energi,,,,,,Krisis Iklim/Perubahan Iklim,
Sipil,Transisi Energi,Energi Baru Terbarukan,Krisis Iklim/Perubahan Iklim,Mineral Kritis,,,,,Transisi Energi,Energi Baru Terbarukan,Krisis Iklim/Perubahan Iklim,Mineral Kritis,,,,,Transisi Energi,Energi Baru Terbarukan,Krisis Iklim/Perubahan Iklim,Mineral Kritis,,,,,Transisi Energi,Energi Baru Terbarukan,Krisis Iklim/Perubahan Iklim,Mineral Kritis,Transisi Energi,Energi Baru Terbarukan,Krisis Iklim/Perubahan Iklim,Mineral Kritis
Birokrasi,,,,Mineral Kritis,,Energi Baru Terbarukan,,,,,,Mineral Kritis,,,,Mineral Kritis,,Energi Baru Terbarukan,,,,,,Mineral Kritis,,Energi Baru Terbarukan,,,Transisi Energi,,,
Birokrasi,,,,Mineral Kritis,Transisi Energi,Energi Baru Terbarukan,,,Transisi Energi,Energi Baru Terbarukan,Krisis Iklim/Perubahan Iklim,,,,,Mineral Kritis,Transisi Energi,Energi Baru Terbarukan,,Mineral Kritis,Transisi Energi,,,Mineral Kritis,,,,Mineral Kritis,Transisi Energi,Energi Baru Terbarukan,Krisis Iklim/Perubahan Iklim,Mineral Kritis
Birokrasi,,,,Mineral Kritis,Transisi Energi,Energi Baru Terbarukan,,Mineral Kritis,Transisi Energi,Energi Baru Terbarukan,Krisis Iklim/Perubahan Iklim,,,,,Mineral Kritis,,,,Mineral Kritis,,,,Mineral Kritis,,,,Mineral Kritis,,,,Mineral Kritis
Elit Politik,Transisi Energi,Energi Baru Terbarukan,Krisis Iklim/Perubahan Iklim,Mineral Kritis,,,,,,,,,,,,,Transisi Energi,Energi Baru Terbarukan,Krisis Iklim/Perubahan Iklim,Mineral Kritis,,,,,,,,,,,,
Birokrasi,Transisi Energi,Energi Baru Terbarukan,Krisis Iklim/Perubahan Iklim,Mineral Kritis,Transisi Energi,Energi Baru Terbarukan,Krisis Iklim/Perubahan Iklim,Mineral Kritis,Transisi Energi,Energi Baru Terbarukan,Krisis Iklim/Perubahan Iklim,Mineral Kritis,Transisi Energi,Energi Baru Terbarukan,Krisis Iklim/Perubahan Iklim,Mineral Kritis,Transisi Energi,Energi Baru Terbarukan,Krisis Iklim/Perubahan Iklim,Mineral Kritis,Transisi Energi,Energi Baru Terbarukan,Krisis Iklim/Perubahan Iklim,Mineral Kritis,Transisi Energi,Energi Baru Terbarukan,Krisis Iklim/Perubahan Iklim,Mineral Kritis,Transisi Energi,Energi Baru Terbarukan,Krisis Iklim/Perubahan Iklim,Mineral Kritis
Swasta,Transisi Energi,Energi Baru Terbarukan,Krisis Iklim/Perubahan Iklim,Mineral Kritis,Transisi Energi,Energi Baru Terbarukan,Krisis Iklim/Perubahan Iklim,Mineral Kritis,Transisi Energi,Energi Baru Terbarukan,Krisis Iklim/Perubahan Iklim,Mineral Kritis,,,,Mineral Kritis,Transisi Energi,Energi Baru Terbarukan,Krisis Iklim/Perubahan Iklim,Mineral Kritis,Transisi Energi,,,Mineral Kritis,Transisi Energi,Energi Baru Terbarukan,Krisis Iklim/Perubahan Iklim,Mineral Kritis,Transisi Energi,Energi Baru Terbarukan,Krisis Iklim/Perubahan Iklim,Mineral Kritis
Elit Politik,Transisi Energi,Energi Baru Terbarukan,Krisis Iklim/Perubahan Iklim,Mineral Kritis,Transisi Energi,Energi Baru Terbarukan,Krisis Iklim/Perubahan Iklim,Mineral Kritis,Transisi Energi,Energi Baru Terbarukan,Krisis Iklim/Perubahan Iklim,Mineral Kritis,Transisi Energi,Energi Baru Terbarukan,Krisis Iklim/Perubahan Iklim,Mineral Kritis,Transisi Energi,Energi Baru Terbarukan,Krisis Iklim/Perubahan Iklim,Mineral Kritis,Transisi Energi,Energi Baru Terbarukan,Krisis Iklim/Perubahan Iklim,Mineral Kritis,Transisi Energi,Energi Baru Terbarukan,Krisis Iklim/Perubahan Iklim,Mineral Kritis,Transisi Energi,Energi Baru Terbarukan,Krisis Iklim/Perubahan Iklim,Mineral Kritis
Birokrasi,Transisi Energi,Energi Baru Terbarukan,Krisis Iklim/Perubahan Iklim,Mineral Kritis,Transisi Energi,Energi Baru Terbarukan,Krisis Iklim/Perubahan Iklim,Mineral Kritis,Transisi Energi,Energi Baru Terbarukan,Krisis Iklim/Perubahan Iklim,Mineral Kritis,Transisi Energi,,Krisis Iklim/Perubahan Iklim,,Transisi Energi,Energi Baru Terbarukan,Krisis Iklim/Perubahan Iklim,Mineral Kritis,Transisi Energi,Energi Baru Terbarukan,Krisis Iklim/Perubahan Iklim,Mineral Kritis,Transisi Energi,Energi Baru Terbarukan,Krisis Iklim/Perubahan Iklim,Mineral Kritis,Transisi Energi,Energi Baru Terbarukan,Krisis Iklim/Perubahan Iklim,Mineral Kritis
Birokrasi,,,,Mineral Kritis,Transisi Energi,Energi Baru Terbarukan,,,Transisi Energi,Energi Baru Terbarukan,,,,,Krisis Iklim/Perubahan Iklim,,,Energi Baru Terbarukan,,,,Energi Baru Terbarukan,,,Transisi Energi,,Krisis Iklim/Perubahan Iklim,,,Energi Baru Terbarukan,Krisis Iklim/Perubahan Iklim,
Birokrasi,Transisi Energi,Energi Baru Terbarukan,Krisis Iklim/Perubahan Iklim,Mineral Kritis,Transisi Energi,Energi Baru Terbarukan,Krisis Iklim/Perubahan Iklim,Mineral Kritis,Transisi Energi,Energi Baru Terbarukan,Krisis Iklim/Perubahan Iklim,Mineral Kritis,Transisi Energi,,Krisis Iklim/Perubahan Iklim,Mineral Kritis,,Energi Baru Terbarukan,,Mineral Kritis,Transisi Energi,Energi Baru Terbarukan,Krisis Iklim/Perubahan Iklim,Mineral Kritis,,,,Mineral Kritis,Transisi Energi,Energi Baru Terbarukan,Krisis Iklim/Perubahan Iklim,Mineral Kritis
Elit Politik,Transisi Energi,Energi Baru Terbarukan,Krisis Iklim/Perubahan Iklim,Mineral Kritis,,Energi Baru Terbarukan,Krisis Iklim/Perubahan Iklim,,Transisi Energi,Energi Baru Terbarukan,,Mineral Kritis,Transisi Energi,Energi Baru Terbarukan,Krisis Iklim/Perubahan Iklim,,,Energi Baru Terbarukan,,Mineral Kritis,,,,Mineral Kritis,Transisi Energi,Energi Baru Terbarukan,Krisis Iklim/Perubahan Iklim,Mineral Kritis,,Energi Baru Terbarukan,,Mineral Kritis
Sipil,Transisi Energi,Energi Baru Terbarukan,Krisis Iklim/Perubahan Iklim,Mineral Kritis,Transisi Energi,Energi Baru Terbarukan,Krisis Iklim/Perubahan Iklim,Mineral Kritis,Transisi Energi,Energi Baru Terbarukan,Krisis Iklim/Perubahan Iklim,Mineral Kritis,,,,Mineral Kritis,Transisi Energi,Energi Baru Terbarukan,Krisis Iklim/Perubahan Iklim,Mineral Kritis,Transisi Energi,Energi Baru Terbarukan,Krisis Iklim/Perubahan Iklim,Mineral Kritis,Transisi Energi,Energi Baru Terbarukan,Krisis Iklim/Perubahan Iklim,Mineral Kritis,Transisi Energi,Energi Baru Terbarukan,Krisis Iklim/Perubahan Iklim,Mineral Kritis
Birokrasi,,,,Mineral Kritis,,,,Mineral Kritis,Transisi Energi,Energi Baru Terbarukan,Krisis Iklim/Perubahan Iklim,Mineral Kritis,,Energi Baru Terbarukan,,Mineral Kritis,,Energi Baru Terbarukan,Krisis Iklim/Perubahan Iklim,,,,,Mineral Kritis,,Energi Baru Terbarukan,,Mineral Kritis,,Energi Baru Terbarukan,Krisis Iklim/Perubahan Iklim,
Elit Politik,,,,,,,,,,,,,,,,,,,,,,,,,,,,,Transisi Energi,Energi Baru Terbarukan,Krisis Iklim/Perubahan Iklim,Mineral Kritis
Elit Politik,Transisi Energi,Energi Baru Terbarukan,Krisis Iklim/Perubahan Iklim,Mineral Kritis,Transisi Energi,Energi Baru Terbarukan,Krisis Iklim/Perubahan Iklim,Mineral Kritis,Transisi Energi,Energi Baru Terbarukan,Krisis Iklim/Perubahan Iklim,Mineral Kritis,Transisi Energi,Energi Baru Terbarukan,Krisis Iklim/Perubahan Iklim,Mineral Kritis,Transisi Energi,Energi Baru Terbarukan,Krisis Iklim/Perubahan Iklim,Mineral Kritis,Transisi Energi,Energi Baru Terbarukan,Krisis Iklim/Perubahan Iklim,Mineral Kritis,Transisi Energi,Energi Baru Terbarukan,Krisis Iklim/Perubahan Iklim,Mineral Kritis,Transisi Energi,Energi Baru Terbarukan,Krisis Iklim/Perubahan Iklim,Mineral Kritis
Elit Politik,Transisi Energi,Energi Baru Terbarukan,Krisis Iklim/Perubahan Iklim,Mineral Kritis,Transisi Energi,Energi Baru Terbarukan,Krisis Iklim/Perubahan Iklim,Mineral Kritis,Transisi Energi,Energi Baru Terbarukan,Krisis Iklim/Perubahan Iklim,Mineral Kritis,,Energi Baru Terbarukan,,Mineral Kritis,Transisi Energi,Energi Baru Terbarukan,Krisis Iklim/Perubahan Iklim,Mineral Kritis,Transisi Energi,Energi Baru Terbarukan,Krisis Iklim/Perubahan Iklim,Mineral Kritis,Transisi Energi,Energi Baru Terbarukan,Krisis Iklim/Perubahan Iklim,Mineral Kritis,Transisi Energi,Energi Baru Terbarukan,Krisis Iklim/Perubahan Iklim,Mineral Kritis
Elit Politik,Transisi Energi,Energi Baru Terbarukan,Krisis Iklim/Perubahan Iklim,Mineral Kritis,Transisi Energi,Energi Baru Terbarukan,Krisis Iklim/Perubahan Iklim,Mineral Kritis,Transisi Energi,Energi Baru Terbarukan,Krisis Iklim/Perubahan Iklim,Mineral Kritis,Transisi Energi,Energi Baru Terbarukan,Krisis Iklim/Perubahan Iklim,Mineral Kritis,Transisi Energi,Energi Baru Terbarukan,Krisis Iklim/Perubahan Iklim,Mineral Kritis,Transisi Energi,Energi Baru Terbarukan,Krisis Iklim/Perubahan Iklim,Mineral Kritis,Transisi Energi,Energi Baru Terbarukan,Krisis Iklim/Perubahan Iklim,Mineral Kritis,Transisi Energi,Energi Baru Terbarukan,Krisis Iklim/Perubahan Iklim,Mineral Kritis
Elit Politik,,,Krisis Iklim/Perubahan Iklim,,Transisi Energi,,Krisis Iklim/Perubahan Iklim,,,,,Mineral Kritis,Transisi Energi,,,,Transisi Energi,,,,Transisi Energi,Energi Baru Terbarukan,,Mineral Kritis,,,Krisis Iklim/Perubahan Iklim,,,,Krisis Iklim/Perubahan Iklim,
Sipil,Transisi Energi,Energi Baru Terbarukan,Krisis Iklim/Perubahan Iklim,Mineral Kritis,,,,,Transisi Energi,Energi Baru Terbarukan,,Mineral Kritis,Transisi Energi,Energi Baru Terbarukan,Krisis Iklim/Perubahan Iklim,Mineral Kritis,Transisi Energi,Energi Baru Terbarukan,Krisis Iklim/Perubahan Iklim,Mineral Kritis,Transisi Energi,Energi Baru Terbarukan,Krisis Iklim/Perubahan Iklim,Mineral Kritis,,,,,Transisi Energi,Energi Baru Terbarukan,Krisis Iklim/Perubahan Iklim,Mineral Kritis
Elit Politik,,,,,,,,,,,,,,,,,,Energi Baru Terbarukan,,Mineral Kritis,,,,,,Energi Baru Terbarukan,Krisis Iklim/Perubahan Iklim,,Transisi Energi,Energi Baru Terbarukan,Krisis Iklim/Perubahan Iklim,Mineral Kritis
Elit Politik,Transisi Energi,Energi Baru Terbarukan,Krisis Iklim/Perubahan Iklim,Mineral Kritis,,,,,,,,,,,,,Transisi Energi,Energi Baru Terbarukan,Krisis Iklim/Perubahan Iklim,Mineral Kritis,,,,,,,,,,,,
Elit Politik,,,,,,,,,,,,,,,,,,,,,,,,,,,,,Transisi Energi,Energi Baru Terbarukan,Krisis Iklim/Perubahan Iklim,Mineral Kritis
Swasta,,Energi Baru Terbarukan,,Mineral Kritis,,Energi Baru Terbarukan,,Mineral Kritis,,,Krisis Iklim/Perubahan Iklim,,,Energi Baru Terbarukan,Krisis Iklim/Perubahan Iklim,,Transisi Energi,Energi Baru Terbarukan,Krisis Iklim/Perubahan Iklim,,,,,Mineral Kritis,Transisi Energi,Energi Baru Terbarukan,,,,,Krisis Iklim/Perubahan Iklim,
Elit Politik,Transisi Energi,Energi Baru Terbarukan,Krisis Iklim/Perubahan Iklim,Mineral Kritis,,,Krisis Iklim/Perubahan Iklim,,Transisi Energi,,,Mineral Kritis,,Energi Baru Terbarukan,Krisis Iklim/Perubahan Iklim,,,Energi Baru Terbarukan,Krisis Iklim/Perubahan Iklim,,,,Krisis Iklim/Perubahan Iklim,,Transisi Energi,Energi Baru Terbarukan,Krisis Iklim/Perubahan Iklim,Mineral Kritis,Transisi Energi,Energi Baru Terbarukan,Krisis Iklim/Perubahan Iklim,Mineral Kritis
Birokrasi,,Energi Baru Terbarukan,,,Transisi Energi,,,,Transisi Energi,,,Mineral Kritis,,,Krisis Iklim/Perubahan Iklim,,Transisi Energi,Energi Baru Terbarukan,,,Transisi Energi,,,Mineral Kritis,,Energi Baru Terbarukan,,,,,Krisis Iklim/Perubahan Iklim,
Sipil,Transisi Energi,Energi Baru Terbarukan,Krisis Iklim/Perubahan Iklim,Mineral Kritis,Transisi Energi,Energi Baru Terbarukan,Krisis Iklim/Perubahan Iklim,Mineral Kritis,Transisi Energi,Energi Baru Terbarukan,Krisis Iklim/Perubahan Iklim,Mineral Kritis,Transisi Energi,Energi Baru Terbarukan,Krisis Iklim/Perubahan Iklim,Mineral Kritis,Transisi Energi,Energi Baru Terbarukan,Krisis Iklim/Perubahan Iklim,Mineral Kritis,Transisi Energi,Energi Baru Terbarukan,Krisis Iklim/Perubahan Iklim,Mineral Kritis,Transisi Energi,Energi Baru Terbarukan,Krisis Iklim/Perubahan Iklim,Mineral Kritis,Transisi Energi,Energi Baru Terbarukan,Krisis Iklim/Perubahan Iklim,Mineral Kritis
Elit Politik,,,,,,,,,,,,,,,,,Transisi Energi,Energi Baru Terbarukan,Krisis Iklim/Perubahan Iklim,Mineral Kritis,,,,,Transisi Energi,Energi Baru Terbarukan,Krisis Iklim/Perubahan Iklim,Mineral Kritis,Transisi Energi,Energi Baru Terbarukan,Krisis Iklim/Perubahan Iklim,Mineral Kritis
Elit Politik,,Energi Baru Terbarukan,Krisis Iklim/Perubahan Iklim,,,,Krisis Iklim/Perubahan Iklim,,Transisi Energi,Energi Baru Terbarukan,Krisis Iklim/Perubahan Iklim,Mineral Kritis,Transisi Energi,Energi Baru Terbarukan,Krisis Iklim/Perubahan Iklim,Mineral Kritis,,Energi Baru Terbarukan,Krisis Iklim/Perubahan Iklim,,Transisi Energi,Energi Baru Terbarukan,Krisis Iklim/Perubahan Iklim,Mineral Kritis,Transisi Energi,,Krisis Iklim/Perubahan Iklim,,,Energi Baru Terbarukan,Krisis Iklim/Perubahan Iklim,
Elit Politik,Transisi Energi,Energi Baru Terbarukan,Krisis Iklim/Perubahan Iklim,Mineral Kritis,Transisi Energi,Energi Baru Terbarukan,Krisis Iklim/Perubahan Iklim,Mineral Kritis,,,,,Transisi Energi,Energi Baru Terbarukan,Krisis Iklim/Perubahan Iklim,Mineral Kritis,Transisi Energi,Energi Baru Terbarukan,Krisis Iklim/Perubahan Iklim,Mineral Kritis,,,,,Transisi Energi,Energi Baru Terbarukan,Krisis Iklim/Perubahan Iklim,Mineral Kritis,Transisi Energi,Energi Baru Terbarukan,Krisis Iklim/Perubahan Iklim,Mineral Kritis
Birokrasi,,,,,,,,,,,,,,,,,,,Krisis Iklim/Perubahan Iklim,,,,,,Transisi Energi,Energi Baru Terbarukan,,,Transisi Energi,Energi Baru Terbarukan,,
Elit Politik,,,,,,,,,,,,,,,,,,,,,,,,,,,,,Transisi Energi,Energi Baru Terbarukan,Krisis Iklim/Perubahan Iklim,Mineral Kritis
Elit Politik,Transisi Energi,,,,,,Krisis Iklim/Perubahan Iklim,,Transisi Energi,,,,Transisi Energi,Energi Baru Terbarukan,,,Transisi Energi,,,Mineral Kritis,Transisi Energi,,Krisis Iklim/Perubahan Iklim,Mineral Kritis,Transisi Energi,Energi Baru Terbarukan,,Mineral Kritis,,,Krisis Iklim/Perubahan Iklim,
Birokrasi,,,,Mineral Kritis,Transisi Energi,,,,,,Krisis Iklim/Perubahan Iklim,,,,,Mineral Kritis,,,,Mineral Kritis,,Energi Baru Terbarukan,,,,,,Mineral Kritis,,,,Mineral Kritis
Elit Politik,Transisi Energi,Energi Baru Terbarukan,Krisis Iklim/Perubahan Iklim,Mineral Kritis,Transisi Energi,Energi Baru Terbarukan,Krisis Iklim/Perubahan Iklim,Mineral Kritis,Transisi Energi,Energi Baru Terbarukan,Krisis Iklim/Perubahan Iklim,Mineral Kritis,Transisi Energi,Energi Baru Terbarukan,Krisis Iklim/Perubahan Iklim,Mineral Kritis,Transisi Energi,Energi Baru Terbarukan,Krisis Iklim/Perubahan Iklim,Mineral Kritis,Transisi Energi,Energi Baru Terbarukan,Krisis Iklim/Perubahan Iklim,Mineral Kritis,Transisi Energi,Energi Baru Terbarukan,Krisis Iklim/Perubahan Iklim,Mineral Kritis,Transisi Energi,Energi Baru Terbarukan,Krisis Iklim/Perubahan Iklim,Mineral Kritis
Birokrasi,Transisi Energi,Energi Baru Terbarukan,Krisis Iklim/Perubahan Iklim,Mineral Kritis,,,,,,,,,Transisi Energi,Energi Baru Terbarukan,,,Transisi Energi,Energi Baru Terbarukan,Krisis Iklim/Perubahan Iklim,Mineral Kritis,,,,,Transisi Energi,Energi Baru Terbarukan,Krisis Iklim/Perubahan Iklim,Mineral Kritis,Transisi Energi,Energi Baru Terbarukan,,Mineral Kritis
Birokrasi,,,Krisis Iklim/Perubahan Iklim,,,,Krisis Iklim/Perubahan Iklim,,,,Krisis Iklim/Perubahan Iklim,,,,Krisis Iklim/Perubahan Iklim,,,,Krisis Iklim/Perubahan Iklim,,,,Krisis Iklim/Perubahan Iklim,,,,Krisis Iklim/Perubahan Iklim,,,,Krisis Iklim/Perubahan Iklim,
Birokrasi,Transisi Energi,Energi Baru Terbarukan,,,,,Krisis Iklim/Perubahan Iklim,,,,Krisis Iklim/Perubahan Iklim,Mineral Kritis,,,Krisis Iklim/Perubahan Iklim,Mineral Kritis,Transisi Energi,Energi Baru Terbarukan,,,,,,,Transisi Energi,Energi Baru Terbarukan,,,Transisi Energi,Energi Baru Terbarukan,,Mineral Kritis
Birokrasi,,,,Mineral Kritis,,,,Mineral Kritis,Transisi Energi,Energi Baru Terbarukan,,,,,,Mineral Kritis,Transisi Energi,Energi Baru Terbarukan,Krisis Iklim/Perubahan Iklim,,,Energi Baru Terbarukan,,,Transisi Energi,,,,,,Krisis Iklim/Perubahan Iklim,
Swasta,Transisi Energi,Energi Baru Terbarukan,Krisis Iklim/Perubahan Iklim,Mineral Kritis,Transisi Energi,Energi Baru Terbarukan,Krisis Iklim/Perubahan Iklim,Mineral Kritis,Transisi Energi,Energi Baru Terbarukan,Krisis Iklim/Perubahan Iklim,Mineral Kritis,Transisi Energi,Energi Baru Terbarukan,Krisis Iklim/Perubahan Iklim,Mineral Kritis,Transisi Energi,Energi Baru Terbarukan,Krisis Iklim/Perubahan Iklim,Mineral Kritis,Transisi Energi,Energi Baru Terbarukan,Krisis Iklim/Perubahan Iklim,Mineral Kritis,Transisi Energi,Energi Baru Terbarukan,Krisis Iklim/Perubahan Iklim,Mineral Kritis,Transisi Energi,Energi Baru Terbarukan,Krisis Iklim/Perubahan Iklim,Mineral Kritis
Birokrasi,Transisi Energi,Energi Baru Terbarukan,Krisis Iklim/Perubahan Iklim,Mineral Kritis,,,,,,,,,,,,,,,,,,,,,,,,,,,,
Elit Politik,,Energi Baru Terbarukan,,,,Energi Baru Terbarukan,,,Transisi Energi,Energi Baru Terbarukan,,,Transisi Energi,Energi Baru Terbarukan,,,Transisi Energi,Energi Baru Terbarukan,,,Transisi Energi,Energi Baru Terbarukan,Krisis Iklim/Perubahan Iklim,,Transisi Energi,Energi Baru Terbarukan,,,,,Krisis Iklim/Perubahan Iklim,Mineral Kritis
Sipil,,,,,,,,,,,,,,,,,,,,,,,,,,,,,Transisi Energi,Energi Baru Terbarukan,Krisis Iklim/Perubahan Iklim,Mineral Kritis
Elit Politik,,,Krisis Iklim/Perubahan Iklim,,,,Krisis Iklim/Perubahan Iklim,,,,Krisis Iklim/Perubahan Iklim,,,,Krisis Iklim/Perubahan Iklim,,Transisi Energi,Energi Baru Terbarukan,,Mineral Kritis,Transisi Energi,Energi Baru Terbarukan,Krisis Iklim/Perubahan Iklim,Mineral Kritis,,,,Mineral Kritis,Transisi Energi,Energi Baru Terbarukan,Krisis Iklim/Perubahan Iklim,Mineral Kritis
,,,,Mineral Kritis,Transisi Energi,Energi Baru Terbarukan,,,,Energi Baru Terbarukan,,,,,,Mineral Kritis,Transisi Energi,Energi Baru Terbarukan,Krisis Iklim/Perubahan Iklim,,,,,Mineral Kritis,,,,Mineral Kritis,,Energi Baru Terbarukan,,
Birokrasi,,,,,Transisi Energi,Energi Baru Terbarukan,Krisis Iklim/Perubahan Iklim,Mineral Kritis,Transisi Energi,Energi Baru Terbarukan,Krisis Iklim/Perubahan Iklim,Mineral Kritis,,,,,,,,,,,,,,,,,,,,
Birokrasi,,Energi Baru Terbarukan,Krisis Iklim/Perubahan Iklim,,,Energi Baru Terbarukan,Krisis Iklim/Perubahan Iklim,,,Energi Baru Terbarukan,Krisis Iklim/Perubahan Iklim,,,Energi Baru Terbarukan,Krisis Iklim/Perubahan Iklim,,,Energi Baru Terbarukan,Krisis Iklim/Perubahan Iklim,,,Energi Baru Terbarukan,Krisis Iklim/Perubahan Iklim,,,Energi Baru Terbarukan,Krisis Iklim/Perubahan Iklim,,,Energi Baru Terbarukan,Krisis Iklim/Perubahan Iklim,
Elit Politik,,,Krisis Iklim/Perubahan Iklim,,,,Krisis Iklim/Perubahan Iklim,,,,,Mineral Kritis,,,,Mineral Kritis,,,Krisis Iklim/Perubahan Iklim,,,,,Mineral Kritis,,Energi Baru Terbarukan,,,,,Krisis Iklim/Perubahan Iklim,
Elit Politik,Transisi Energi,Energi Baru Terbarukan,Krisis Iklim/Perubahan Iklim,Mineral Kritis,,Energi Baru Terbarukan,,,Transisi Energi,,,Mineral Kritis,Transisi Energi,,,,Transisi Energi,Energi Baru Terbarukan,Krisis Iklim/Perubahan Iklim,Mineral Kritis,Transisi Energi,Energi Baru Terbarukan,Krisis Iklim/Perubahan Iklim,,Transisi Energi,,,,Transisi Energi,Energi Baru Terbarukan,Krisis Iklim/Perubahan Iklim,Mineral Kritis
,,,Krisis Iklim/Perubahan Iklim,,,,,Mineral Kritis,,,Krisis Iklim/Perubahan Iklim,Mineral Kritis,,,,Mineral Kritis,,Energi Baru Terbarukan,,,,,,Mineral Kritis,,,,Mineral Kritis,,,,Mineral Kritis
Birokrasi,,,Krisis Iklim/Perubahan Iklim,,,,Krisis Iklim/Perubahan Iklim,,,,Krisis Iklim/Perubahan Iklim,,,,Krisis Iklim/Perubahan Iklim,,,,Krisis Iklim/Perubahan Iklim,,,,Krisis Iklim/Perubahan Iklim,,,,Krisis Iklim/Perubahan Iklim,,,,Krisis Iklim/Perubahan Iklim,
Birokrasi,,Energi Baru Terbarukan,,,,,,,,Energi Baru Terbarukan,,Mineral Kritis,,Energi Baru Terbarukan,,,,Energi Baru Terbarukan,,,,Energi Baru Terbarukan,,,,,Krisis Iklim/Perubahan Iklim,,,,Krisis Iklim/Perubahan Iklim,
Birokrasi,Transisi Energi,Energi Baru Terbarukan,Krisis Iklim/Perubahan Iklim,Mineral Kritis,,,,,,,,,Transisi Energi,Energi Baru Terbarukan,Krisis Iklim/Perubahan Iklim,Mineral Kritis,Transisi Energi,Energi Baru Terbarukan,Krisis Iklim/Perubahan Iklim,Mineral Kritis,,,,,Transisi Energi,Energi Baru Terbarukan,Krisis Iklim/Perubahan Iklim,Mineral Kritis,,,,
Birokrasi,,,Krisis Iklim/Perubahan Iklim,,,,,Mineral Kritis,,Energi Baru Terbarukan,Krisis Iklim/Perubahan Iklim,Mineral Kritis,,,Krisis Iklim/Perubahan Iklim,Mineral Kritis,,Energi Baru Terbarukan,Krisis Iklim/Perubahan Iklim,,,Energi Baru Terbarukan,Krisis Iklim/Perubahan Iklim,Mineral Kritis,,,Krisis Iklim/Perubahan Iklim,,,Energi Baru Terbarukan,,
Birokrasi,Transisi Energi,Energi Baru Terbarukan,Krisis Iklim/Perubahan Iklim,Mineral Kritis,,,,,,,,,,,,,Transisi Energi,Energi Baru Terbarukan,Krisis Iklim/Perubahan Iklim,Mineral Kritis,,,,,,,,,Transisi Energi,Energi Baru Terbarukan,Krisis Iklim/Perubahan Iklim,Mineral Kritis
Birokrasi,Transisi Energi,Energi Baru Terbarukan,Krisis Iklim/Perubahan Iklim,Mineral Kritis,Transisi Energi,Energi Baru Terbarukan,Krisis Iklim/Perubahan Iklim,Mineral Kritis,Transisi Energi,Energi Baru Terbarukan,Krisis Iklim/Perubahan Iklim,Mineral Kritis,,,,,Transisi Energi,Energi Baru Terbarukan,Krisis Iklim/Perubahan Iklim,Mineral Kritis,,,,,Transisi Energi,Energi Baru Terbarukan,Krisis Iklim/Perubahan Iklim,Mineral Kritis,Transisi Energi,Energi Baru Terbarukan,Krisis Iklim/Perubahan Iklim,Mineral Kritis
Birokrasi,,,Krisis Iklim/Perubahan Iklim,,,,,Mineral Kritis,,,,Mineral Kritis,,,Krisis Iklim/Perubahan Iklim,,,,,,,,Krisis Iklim/Perubahan Iklim,,,,Krisis Iklim/Perubahan Iklim,,,,Krisis Iklim/Perubahan Iklim,
Birokrasi,,,Krisis Iklim/Perubahan Iklim,,,,Krisis Iklim/Perubahan Iklim,,,,Krisis Iklim/Perubahan Iklim,,,,Krisis Iklim/Perubahan Iklim,,,,Krisis Iklim/Perubahan Iklim,,,,Krisis Iklim/Perubahan Iklim,,,,Krisis Iklim/Perubahan Iklim,,,Energi Baru Terbarukan,Krisis Iklim/Perubahan Iklim,
Sipil,,,,,,,,,Transisi Energi,,,,,,,,,,,,,,,,,,,,Transisi Energi,,,
Elit Politik,,,,Mineral Kritis,,,,Mineral Kritis,,Energi Baru Terbarukan,Krisis Iklim/Perubahan Iklim,Mineral Kritis,,Energi Baru Terbarukan,Krisis Iklim/Perubahan Iklim,Mineral Kritis,,,Krisis Iklim/Perubahan Iklim,Mineral Kritis,,Energi Baru Terbarukan,,Mineral Kritis,Transisi Energi,Energi Baru Terbarukan,,Mineral Kritis,,,Krisis Iklim/Perubahan Iklim,
Elit Politik,,,,,,,,,,,,,,,,,,,,,,,,,,,,,Transisi Energi,Energi Baru Terbarukan,Krisis Iklim/Perubahan Iklim,Mineral Kritis
Sipil,Transisi Energi,Energi Baru Terbarukan,Krisis Iklim/Perubahan Iklim,Mineral Kritis,,,,,,,,,,,,,Transisi Energi,Energi Baru Terbarukan,Krisis Iklim/Perubahan Iklim,Mineral Kritis,,,,,,,,,,,,
Elit Politik,Transisi Energi,Energi Baru Terbarukan,Krisis Iklim/Perubahan Iklim,Mineral Kritis,,,,,,,,,,,,,,,,,,,,,Transisi Energi,Energi Baru Terbarukan,Krisis Iklim/Perubahan Iklim,Mineral Kritis,Transisi Energi,Energi Baru Terbarukan,Krisis Iklim/Perubahan Iklim,Mineral Kritis
Elit Politik,,,,,Transisi Energi,Energi Baru Terbarukan,Krisis Iklim/Perubahan Iklim,Mineral Kritis,,,,,,,,,,,,,Transisi Energi,Energi Baru Terbarukan,Krisis Iklim/Perubahan Iklim,Mineral Kritis,Transisi Energi,Energi Baru Terbarukan,Krisis Iklim/Perubahan Iklim,Mineral Kritis,Transisi Energi,Energi Baru Terbarukan,Krisis Iklim/Perubahan Iklim,Mineral Kritis
Elit Politik,,,,,,,,,,,,,,,,,,,,,,,,,,,,,,,,
Swasta,,,Krisis Iklim/Perubahan Iklim,Mineral Kritis,,,Krisis Iklim/Perubahan Iklim,Mineral Kritis,,,,,,,Krisis Iklim/Perubahan Iklim,Mineral Kritis,,,,,,,,,,,Krisis Iklim/Perubahan Iklim,Mineral Kritis,,,Krisis Iklim/Perubahan Iklim,Mineral Kritis
Elit Politik,Transisi Energi,Energi Baru Terbarukan,,Mineral Kritis,,,Krisis Iklim/Perubahan Iklim,,,Energi Baru Terbarukan,Krisis Iklim/Perubahan Iklim,,Transisi Energi,,,Mineral Kritis,,Energi Baru Terbarukan,Krisis Iklim/Perubahan Iklim,,,Energi Baru Terbarukan,Krisis Iklim/Perubahan Iklim,,Transisi Energi,Energi Baru Terbarukan,,,,Energi Baru Terbarukan,Krisis Iklim/Perubahan Iklim,
Sipil,Transisi Energi,Energi Baru Terbarukan,Krisis Iklim/Perubahan Iklim,Mineral Kritis,,,,,,,,,,,Krisis Iklim/Perubahan Iklim,,,,,,,,,,,,,,Transisi Energi,Energi Baru Terbarukan,Krisis Iklim/Perubahan Iklim,Mineral Kritis
Elit Politik,,,,,,,,,,,,,,,,,,,,,,,,,,,,,Transisi Energi,Energi Baru Terbarukan,Krisis Iklim/Perubahan Iklim,Mineral Kritis
Elit Politik,,,Krisis Iklim/Perubahan Iklim,Mineral Kritis,,,Krisis Iklim/Perubahan Iklim,,,Energi Baru Terbarukan,Krisis Iklim/Perubahan Iklim,,Transisi Energi,Energi Baru Terbarukan,Krisis Iklim/Perubahan Iklim,Mineral Kritis,Transisi Energi,,,,,Energi Baru Terbarukan,,,,Energi Baru Terbarukan,,,,Energi Baru Terbarukan,,
Sipil,,,,,,,,,,,,,Transisi Energi,Energi Baru Terbarukan,Krisis Iklim/Perubahan Iklim,Mineral Kritis,,,,,,,,,Transisi Energi,Energi Baru Terbarukan,Krisis Iklim/Perubahan Iklim,Mineral Kritis,Transisi Energi,Energi Baru Terbarukan,Krisis Iklim/Perubahan Iklim,Mineral Kritis
Sipil,,Energi Baru Terbarukan,Krisis Iklim/Perubahan Iklim,,,,Krisis Iklim/Perubahan Iklim,,,,,Mineral Kritis,,Energi Baru Terbarukan,,,,,Krisis Iklim/Perubahan Iklim,,,Energi Baru Terbarukan,,,,Energi Baru Terbarukan,,Mineral Kritis,,Energi Baru Terbarukan,,
Birokrasi,Transisi Energi,Energi Baru Terbarukan,Krisis Iklim/Perubahan Iklim,Mineral Kritis,Transisi Energi,Energi Baru Terbarukan,Krisis Iklim/Perubahan Iklim,Mineral Kritis,,,,,,,,,Transisi Energi,Energi Baru Terbarukan,Krisis Iklim/Perubahan Iklim,Mineral Kritis,,,,,,,,,Transisi Energi,Energi Baru Terbarukan,,Mineral Kritis
Birokrasi,Transisi Energi,Energi Baru Terbarukan,,,,,,,,,,,,,,,,,,,,,,,Transisi Energi,Energi Baru Terbarukan,,Mineral Kritis,Transisi Energi,Energi Baru Terbarukan,Krisis Iklim/Perubahan Iklim,Mineral Kritis
Elit Politik,,,Krisis Iklim/Perubahan Iklim,,,,Krisis Iklim/Perubahan Iklim,,,,Krisis Iklim/Perubahan Iklim,,,,Krisis Iklim/Perubahan Iklim,,,,Krisis Iklim/Perubahan Iklim,,,,Krisis Iklim/Perubahan Iklim,,,,Krisis Iklim/Perubahan Iklim,,,,Krisis Iklim/Perubahan Iklim,
Birokrasi,Transisi Energi,,,,,,Krisis Iklim/Perubahan Iklim,,,,,Mineral Kritis,,Energi Baru Terbarukan,,,Transisi Energi,,,,Transisi Energi,,,,Transisi Energi,,,,,,Krisis Iklim/Perubahan Iklim,
Birokrasi,,,Krisis Iklim/Perubahan Iklim,,,,,Mineral Kritis,Transisi Energi,,,,Transisi Energi,,,,,,,Mineral Kritis,,,,Mineral Kritis,Transisi Energi,,,,,,Krisis Iklim/Perubahan Iklim,
Sipil,,,,Mineral Kritis,,,,Mineral Kritis,Transisi Energi,Energi Baru Terbarukan,Krisis Iklim/Perubahan Iklim,Mineral Kritis,Transisi Energi,Energi Baru Terbarukan,Krisis Iklim/Perubahan Iklim,Mineral Kritis,Transisi Energi,Energi Baru Terbarukan,Krisis Iklim/Perubahan Iklim,Mineral Kritis,,,,Mineral Kritis,Transisi Energi,Energi Baru Terbarukan,Krisis Iklim/Perubahan Iklim,Mineral Kritis,Transisi Energi,,,
Swasta,,,,Mineral Kritis,,,,,,,,,Transisi Energi,,Krisis Iklim/Perubahan Iklim,,,,,,,,,,,,,,,Energi Baru Terbarukan,,
Elit Politik,,,Krisis Iklim/Perubahan Iklim,,Transisi Energi,,,,,,Krisis Iklim/Perubahan Iklim,,,,,Mineral Kritis,,,,Mineral Kritis,,,,Mineral Kritis,,,,Mineral Kritis,,,Krisis Iklim/Perubahan Iklim,
Birokrasi,Transisi Energi,Energi Baru Terbarukan,Krisis Iklim/Perubahan Iklim,Mineral Kritis,,,,,Transisi Energi,Energi Baru Terbarukan,Krisis Iklim/Perubahan Iklim,,Transisi Energi,Energi Baru Terbarukan,Krisis Iklim/Perubahan Iklim,Mineral Kritis,Transisi Energi,Energi Baru Terbarukan,Krisis Iklim/Perubahan Iklim,Mineral Kritis,Transisi Energi,Energi Baru Terbarukan,Krisis Iklim/Perubahan Iklim,Mineral Kritis,Transisi Energi,Energi Baru Terbarukan,Krisis Iklim/Perubahan Iklim,Mineral Kritis,Transisi Energi,Energi Baru Terbarukan,Krisis Iklim/Perubahan Iklim,Mineral Kritis
Birokrasi,,,,,,,,,,,,,,,,,,,,,,,,,,,,,Transisi Energi,Energi Baru Terbarukan,Krisis Iklim/Perubahan Iklim,Mineral Kritis
Birokrasi,,,,,,,,,,,,,,,,,,,,,,,,,,,,,Transisi Energi,Energi Baru Terbarukan,Krisis Iklim/Perubahan Iklim,Mineral Kritis
Birokrasi,Transisi Energi,,,,Transisi Energi,,,,Transisi Energi,Energi Baru Terbarukan,,,Transisi Energi,Energi Baru Terbarukan,,,Transisi Energi,Energi Baru Terbarukan,,,Transisi Energi,Energi Baru Terbarukan,,,Transisi Energi,Energi Baru Terbarukan,,,,Energi Baru Terbarukan,,
Birokrasi,,,,,,,,,,,,,,,,,,,,,,,,,,,,,Transisi Energi,Energi Baru Terbarukan,Krisis Iklim/Perubahan Iklim,Mineral Kritis
Swasta,,,,Mineral Kritis,,,Krisis Iklim/Perubahan Iklim,Mineral Kritis,Transisi Energi,Energi Baru Terbarukan,Krisis Iklim/Perubahan Iklim,,Transisi Energi,Energi Baru Terbarukan,Krisis Iklim/Perubahan Iklim,Mineral Kritis,,Energi Baru Terbarukan,,,Transisi Energi,Energi Baru Terbarukan,,Mineral Kritis,Transisi Energi,Energi Baru Terbarukan,Krisis Iklim/Perubahan Iklim,Mineral Kritis,,,Krisis Iklim/Perubahan Iklim,
Birokrasi,Transisi Energi,Energi Baru Terbarukan,Krisis Iklim/Perubahan Iklim,Mineral Kritis,,,Krisis Iklim/Perubahan Iklim,,Transisi Energi,Energi Baru Terbarukan,Krisis Iklim/Perubahan Iklim,Mineral Kritis,Transisi Energi,,Krisis Iklim/Perubahan Iklim,,Transisi Energi,Energi Baru Terbarukan,Krisis Iklim/Perubahan Iklim,Mineral Kritis,Transisi Energi,Energi Baru Terbarukan,Krisis Iklim/Perubahan Iklim,Mineral Kritis,Transisi Energi,Energi Baru Terbarukan,Krisis Iklim/Perubahan Iklim,Mineral Kritis,Transisi Energi,Energi Baru Terbarukan,Krisis Iklim/Perubahan Iklim,Mineral Kritis
Birokrasi,,,,,,,,,,,,,,,,,,,,,,,,,,,,,Transisi Energi,Energi Baru Terbarukan,Krisis Iklim/Perubahan Iklim,Mineral Kritis
Birokrasi,,,,,,,,,,,,,,,,,,,,,,,,,,,,,Transisi Energi,Energi Baru Terbarukan,Krisis Iklim/Perubahan Iklim,Mineral Kritis
Birokrasi,,,Krisis Iklim/Perubahan Iklim,,,,Krisis Iklim/Perubahan Iklim,,,,Krisis Iklim/Perubahan Iklim,,,,Krisis Iklim/Perubahan Iklim,,,,Krisis Iklim/Perubahan Iklim,,,,Krisis Iklim/Perubahan Iklim,,,,Krisis Iklim/Perubahan Iklim,,,,Krisis Iklim/Perubahan Iklim,
Birokrasi,,,,,,,,,,,,,,,,,,,,,,,,,,,,,Transisi Energi,Energi Baru Terbarukan,Krisis Iklim/Perubahan Iklim,Mineral Kritis
Sipil,,,Krisis Iklim/Perubahan Iklim,,,,Krisis Iklim/Perubahan Iklim,,,,Krisis Iklim/Perubahan Iklim,,,,Krisis Iklim/Perubahan Iklim,,,,Krisis Iklim/Perubahan Iklim,,,,Krisis Iklim/Perubahan Iklim,,,,Krisis Iklim/Perubahan Iklim,,,,Krisis Iklim/Perubahan Iklim,
Birokrasi,,,,,,,,,,,,,,,,,,,,,,,,,,,,,Transisi Energi,Energi Baru Terbarukan,Krisis Iklim/Perubahan Iklim,Mineral Kritis
Elit Politik,,Energi Baru Terbarukan,,,Transisi Energi,,,,Transisi Energi,Energi Baru Terbarukan,Krisis Iklim/Perubahan Iklim,Mineral Kritis,Transisi Energi,Energi Baru Terbarukan,Krisis Iklim/Perubahan Iklim,Mineral Kritis,,Energi Baru Terbarukan,,Mineral Kritis,Transisi Energi,,,,,Energi Baru Terbarukan,Krisis Iklim/Perubahan Iklim,,Transisi Energi,Energi Baru Terbarukan,,Mineral Kritis
Birokrasi,,,,,,,,,,,,,,,,,,,,,,,,,,,,,Transisi Energi,Energi Baru Terbarukan,Krisis Iklim/Perubahan Iklim,Mineral Kritis
Elit Politik,Transisi Energi,,,Mineral Kritis,Transisi Energi,Energi Baru Terbarukan,Krisis Iklim/Perubahan Iklim,Mineral Kritis,Transisi Energi,Energi Baru Terbarukan,Krisis Iklim/Perubahan Iklim,Mineral Kritis,Transisi Energi,Energi Baru Terbarukan,Krisis Iklim/Perubahan Iklim,Mineral Kritis,Transisi Energi,Energi Baru Terbarukan,Krisis Iklim/Perubahan Iklim,Mineral Kritis,Transisi Energi,Energi Baru Terbarukan,Krisis Iklim/Perubahan Iklim,Mineral Kritis,Transisi Energi,Energi Baru Terbarukan,Krisis Iklim/Perubahan Iklim,Mineral Kritis,Transisi Energi,Energi Baru Terbarukan,Krisis Iklim/Perubahan Iklim,Mineral Kritis
Elit Politik,Transisi Energi,Energi Baru Terbarukan,Krisis Iklim/Perubahan Iklim,Mineral Kritis,Transisi Energi,Energi Baru Terbarukan,Krisis Iklim/Perubahan Iklim,Mineral Kritis,Transisi Energi,Energi Baru Terbarukan,Krisis Iklim/Perubahan Iklim,Mineral Kritis,Transisi Energi,Energi Baru Terbarukan,Krisis Iklim/Perubahan Iklim,Mineral Kritis,,,Krisis Iklim/Perubahan Iklim,,,,Krisis Iklim/Perubahan Iklim,Mineral Kritis,,,Krisis Iklim/Perubahan Iklim,,,,Krisis Iklim/Perubahan Iklim,
Sipil,Transisi Energi,,,,,,,Mineral Kritis,,,,Mineral Kritis,,,,Mineral Kritis,,,,Mineral Kritis,Transisi Energi,,,,,,,Mineral Kritis,,,Krisis Iklim/Perubahan Iklim,
Sipil,,,,,,,,,,,,,Transisi Energi,Energi Baru Terbarukan,Krisis Iklim/Perubahan Iklim,Mineral Kritis,,,,,,,,,,,,,Transisi Energi,Energi Baru Terbarukan,Krisis Iklim/Perubahan Iklim,Mineral Kritis
Elit Politik,Transisi Energi,Energi Baru Terbarukan,Krisis Iklim/Perubahan Iklim,Mineral Kritis,Transisi Energi,Energi Baru Terbarukan,Krisis Iklim/Perubahan Iklim,Mineral Kritis,Transisi Energi,,Krisis Iklim/Perubahan Iklim,,Transisi Energi,Energi Baru Terbarukan,Krisis Iklim/Perubahan Iklim,Mineral Kritis,Transisi Energi,Energi Baru Terbarukan,Krisis Iklim/Perubahan Iklim,Mineral Kritis,Transisi Energi,Energi Baru Terbarukan,Krisis Iklim/Perubahan Iklim,Mineral Kritis,,Energi Baru Terbarukan,,,,,,Mineral Kritis
Birokrasi,,,,Mineral Kritis,,Energi Baru Terbarukan,,,,,,Mineral Kritis,Transisi Energi,,,,,,,Mineral Kritis,,,,Mineral Kritis,,Energi Baru Terbarukan,,,,,,Mineral Kritis
Birokrasi,,,Krisis Iklim/Perubahan Iklim,,,,Krisis Iklim/Perubahan Iklim,,,,,Mineral Kritis,Transisi Energi,Energi Baru Terbarukan,Krisis Iklim/Perubahan Iklim,Mineral Kritis,,,Krisis Iklim/Perubahan Iklim,,,,Krisis Iklim/Perubahan Iklim,,,,,Mineral Kritis,Transisi Energi,Energi Baru Terbarukan,Krisis Iklim/Perubahan Iklim,Mineral Kritis
Elit Politik,Transisi Energi,,,Mineral Kritis,,,Krisis Iklim/Perubahan Iklim,,,,,,,,Krisis Iklim/Perubahan Iklim,,Transisi Energi,,,,,,,,Transisi Energi,,,,,,,
Elit Politik,,Energi Baru Terbarukan,Krisis Iklim/Perubahan Iklim,,,Energi Baru Terbarukan,Krisis Iklim/Perubahan Iklim,,,Energi Baru Terbarukan,Krisis Iklim/Perubahan Iklim,,,Energi Baru Terbarukan,Krisis Iklim/Perubahan Iklim,,,Energi Baru Terbarukan,Krisis Iklim/Perubahan Iklim,,Transisi Energi,Energi Baru Terbarukan,,,,Energi Baru Terbarukan,,,,Energi Baru Terbarukan,Krisis Iklim/Perubahan Iklim,
Birokrasi,,,,Mineral Kritis,,Energi Baru Terbarukan,,,Transisi Energi,,,,,,Krisis Iklim/Perubahan Iklim,,,,Krisis Iklim/Perubahan Iklim,,,,,Mineral Kritis,Transisi Energi,,,,,Energi Baru Terbarukan,,
Birokrasi,Transisi Energi,Energi Baru Terbarukan,Krisis Iklim/Perubahan Iklim,Mineral Kritis,Transisi Energi,Energi Baru Terbarukan,Krisis Iklim/Perubahan Iklim,Mineral Kritis,Transisi Energi,Energi Baru Terbarukan,Krisis Iklim/Perubahan Iklim,Mineral Kritis,Transisi Energi,Energi Baru Terbarukan,Krisis Iklim/Perubahan Iklim,Mineral Kritis,Transisi Energi,Energi Baru Terbarukan,Krisis Iklim/Perubahan Iklim,Mineral Kritis,,,,,Transisi Energi,Energi Baru Terbarukan,Krisis Iklim/Perubahan Iklim,Mineral Kritis,Transisi Energi,Energi Baru Terbarukan,Krisis Iklim/Perubahan Iklim,Mineral Kritis
Birokrasi,,Energi Baru Terbarukan,,Mineral Kritis,Transisi Energi,Energi Baru Terbarukan,,Mineral Kritis,,,Krisis Iklim/Perubahan Iklim,,,,Krisis Iklim/Perubahan Iklim,,Transisi Energi,Energi Baru Terbarukan,,,,,Krisis Iklim/Perubahan Iklim,,,Energi Baru Terbarukan,,,,,Krisis Iklim/Perubahan Iklim,
Birokrasi,,,,Mineral Kritis,,,,Mineral Kritis,,Energi Baru Terbarukan,,,,Energi Baru Terbarukan,,,,,Krisis Iklim/Perubahan Iklim,,,,Krisis Iklim/Perubahan Iklim,,,Energi Baru Terbarukan,,,,,Krisis Iklim/Perubahan Iklim,
Birokrasi,Transisi Energi,Energi Baru Terbarukan,Krisis Iklim/Perubahan Iklim,Mineral Kritis,,,,,Transisi Energi,Energi Baru Terbarukan,Krisis Iklim/Perubahan Iklim,Mineral Kritis,Transisi Energi,Energi Baru Terbarukan,Krisis Iklim/Perubahan Iklim,Mineral Kritis,Transisi Energi,Energi Baru Terbarukan,Krisis Iklim/Perubahan Iklim,Mineral Kritis,Transisi Energi,Energi Baru Terbarukan,Krisis Iklim/Perubahan Iklim,Mineral Kritis,,,,,Transisi Energi,Energi Baru Terbarukan,Krisis Iklim/Perubahan Iklim,Mineral Kritis
Birokrasi,Transisi Energi,,,Mineral Kritis,Transisi Energi,,,Mineral Kritis,Transisi Energi,,,Mineral Kritis,Transisi Energi,,,Mineral Kritis,Transisi Energi,,,Mineral Kritis,Transisi Energi,,Krisis Iklim/Perubahan Iklim,Mineral Kritis,Transisi Energi,,Krisis Iklim/Perubahan Iklim,Mineral Kritis,Transisi Energi,Energi Baru Terbarukan,,
Birokrasi,,,,Mineral Kritis,,,Krisis Iklim/Perubahan Iklim,Mineral Kritis,Transisi Energi,Energi Baru Terbarukan,,,,,,,,,,,,,,,,,,,,,,
Birokrasi,,,,Mineral Kritis,,,,Mineral Kritis,,,Krisis Iklim/Perubahan Iklim,,,,Krisis Iklim/Perubahan Iklim,Mineral Kritis,,,,Mineral Kritis,,,Krisis Iklim/Perubahan Iklim,Mineral Kritis,,,Krisis Iklim/Perubahan Iklim,Mineral Kritis,,,Krisis Iklim/Perubahan Iklim,
Birokrasi,Transisi Energi,,,Mineral Kritis,,,,,,,,,Transisi Energi,,Krisis Iklim/Perubahan Iklim,,,Energi Baru Terbarukan,,Mineral Kritis,Transisi Energi,,Krisis Iklim/Perubahan Iklim,Mineral Kritis,,Energi Baru Terbarukan,,Mineral Kritis,,,Krisis Iklim/Perubahan Iklim,
Birokrasi,,,Krisis Iklim/Perubahan Iklim,Mineral Kritis,,,Krisis Iklim/Perubahan Iklim,Mineral Kritis,,,Krisis Iklim/Perubahan Iklim,Mineral Kritis,,,Krisis Iklim/Perubahan Iklim,,Transisi Energi,Energi Baru Terbarukan,,,Transisi Energi,Energi Baru Terbarukan,,,Transisi Energi,Energi Baru Terbarukan,,,Transisi Energi,Energi Baru Terbarukan,,Mineral Kritis
Elit Politik,Transisi Energi,Energi Baru Terbarukan,Krisis Iklim/Perubahan Iklim,Mineral Kritis,,,,,,,,,,,,,Transisi Energi,Energi Baru Terbarukan,Krisis Iklim/Perubahan Iklim,Mineral Kritis,Transisi Energi,Energi Baru Terbarukan,Krisis Iklim/Perubahan Iklim,Mineral Kritis,Transisi Energi,Energi Baru Terbarukan,Krisis Iklim/Perubahan Iklim,Mineral Kritis,Transisi Energi,Energi Baru Terbarukan,Krisis Iklim/Perubahan Iklim,Mineral Kritis
Sipil,,,,Mineral Kritis,Transisi Energi,Energi Baru Terbarukan,Krisis Iklim/Perubahan Iklim,Mineral Kritis,Transisi Energi,,,Mineral Kritis,,,,Mineral Kritis,,,,,Transisi Energi,Energi Baru Terbarukan,Krisis Iklim/Perubahan Iklim,Mineral Kritis,,Energi Baru Terbarukan,,,Transisi Energi,Energi Baru Terbarukan,Krisis Iklim/Perubahan Iklim,Mineral Kritis
Birokrasi,Transisi Energi,Energi Baru Terbarukan,Krisis Iklim/Perubahan Iklim,Mineral Kritis,Transisi Energi,Energi Baru Terbarukan,Krisis Iklim/Perubahan Iklim,Mineral Kritis,,,,,Transisi Energi,Energi Baru Terbarukan,Krisis Iklim/Perubahan Iklim,Mineral Kritis,Transisi Energi,Energi Baru Terbarukan,Krisis Iklim/Perubahan Iklim,Mineral Kritis,Transisi Energi,Energi Baru Terbarukan,Krisis Iklim/Perubahan Iklim,Mineral Kritis,Transisi Energi,Energi Baru Terbarukan,Krisis Iklim/Perubahan Iklim,Mineral Kritis,Transisi Energi,Energi Baru Terbarukan,Krisis Iklim/Perubahan Iklim,Mineral Kritis
Sipil,Transisi Energi,Energi Baru Terbarukan,Krisis Iklim/Perubahan Iklim,Mineral Kritis,Transisi Energi,Energi Baru Terbarukan,Krisis Iklim/Perubahan Iklim,Mineral Kritis,Transisi Energi,Energi Baru Terbarukan,Krisis Iklim/Perubahan Iklim,Mineral Kritis,Transisi Energi,Energi Baru Terbarukan,Krisis Iklim/Perubahan Iklim,Mineral Kritis,Transisi Energi,Energi Baru Terbarukan,Krisis Iklim/Perubahan Iklim,Mineral Kritis,Transisi Energi,Energi Baru Terbarukan,Krisis Iklim/Perubahan Iklim,Mineral Kritis,,,Krisis Iklim/Perubahan Iklim,,Transisi Energi,Energi Baru Terbarukan,Krisis Iklim/Perubahan Iklim,Mineral Kritis
Birokrasi,,Energi Baru Terbarukan,Krisis Iklim/Perubahan Iklim,,,Energi Baru Terbarukan,Krisis Iklim/Perubahan Iklim,,Transisi Energi,Energi Baru Terbarukan,Krisis Iklim/Perubahan Iklim,,Transisi Energi,Energi Baru Terbarukan,Krisis Iklim/Perubahan Iklim,,Transisi Energi,Energi Baru Terbarukan,Krisis Iklim/Perubahan Iklim,,Transisi Energi,Energi Baru Terbarukan,Krisis Iklim/Perubahan Iklim,,Transisi Energi,Energi Baru Terbarukan,Krisis Iklim/Perubahan Iklim,,Transisi Energi,Energi Baru Terbarukan,Krisis Iklim/Perubahan Iklim,
Sipil,,,,Mineral Kritis,,Energi Baru Terbarukan,,,Transisi Energi,Energi Baru Terbarukan,Krisis Iklim/Perubahan Iklim,Mineral Kritis,,,,Mineral Kritis,,,Krisis Iklim/Perubahan Iklim,,,,,Mineral Kritis,,,Krisis Iklim/Perubahan Iklim,,,,Krisis Iklim/Perubahan Iklim,
Elit Politik,,,Krisis Iklim/Perubahan Iklim,Mineral Kritis,,,Krisis Iklim/Perubahan Iklim,Mineral Kritis,,,Krisis Iklim/Perubahan Iklim,Mineral Kritis,,,Krisis Iklim/Perubahan Iklim,Mineral Kritis,,,Krisis Iklim/Perubahan Iklim,Mineral Kritis,,,Krisis Iklim/Perubahan Iklim,Mineral Kritis,Transisi Energi,Energi Baru Terbarukan,Krisis Iklim/Perubahan Iklim,Mineral Kritis,Transisi Energi,Energi Baru Terbarukan,Krisis Iklim/Perubahan Iklim,Mineral Kritis
Sipil,Transisi Energi,Energi Baru Terbarukan,Krisis Iklim/Perubahan Iklim,Mineral Kritis,Transisi Energi,Energi Baru Terbarukan,Krisis Iklim/Perubahan Iklim,Mineral Kritis,Transisi Energi,Energi Baru Terbarukan,Krisis Iklim/Perubahan Iklim,Mineral Kritis,Transisi Energi,Energi Baru Terbarukan,Krisis Iklim/Perubahan Iklim,Mineral Kritis,Transisi Energi,Energi Baru Terbarukan,Krisis Iklim/Perubahan Iklim,Mineral Kritis,Transisi Energi,Energi Baru Terbarukan,Krisis Iklim/Perubahan Iklim,Mineral Kritis,Transisi Energi,Energi Baru Terbarukan,Krisis Iklim/Perubahan Iklim,Mineral Kritis,Transisi Energi,Energi Baru Terbarukan,Krisis Iklim/Perubahan Iklim,Mineral Kritis
Birokrasi,,Energi Baru Terbarukan,,,Transisi Energi,,,Mineral Kritis,Transisi Energi,Energi Baru Terbarukan,Krisis Iklim/Perubahan Iklim,Mineral Kritis,Transisi Energi,Energi Baru Terbarukan,Krisis Iklim/Perubahan Iklim,Mineral Kritis,Transisi Energi,Energi Baru Terbarukan,Krisis Iklim/Perubahan Iklim,Mineral Kritis,,,,Mineral Kritis,Transisi Energi,Energi Baru Terbarukan,Krisis Iklim/Perubahan Iklim,Mineral Kritis,Transisi Energi,Energi Baru Terbarukan,Krisis Iklim/Perubahan Iklim,Mineral Kritis
Swasta,,,,Mineral Kritis,,,,Mineral Kritis,,,,Mineral Kritis,,,Krisis Iklim/Perubahan Iklim,,,Energi Baru Terbarukan,,,,,,Mineral Kritis,,,Krisis Iklim/Perubahan Iklim,,Transisi Energi,Energi Baru Terbarukan,Krisis Iklim/Perubahan Iklim,Mineral Kritis
Birokrasi,Transisi Energi,Energi Baru Terbarukan,Krisis Iklim/Perubahan Iklim,Mineral Kritis,Transisi Energi,Energi Baru Terbarukan,Krisis Iklim/Perubahan Iklim,Mineral Kritis,Transisi Energi,Energi Baru Terbarukan,Krisis Iklim/Perubahan Iklim,Mineral Kritis,Transisi Energi,Energi Baru Terbarukan,Krisis Iklim/Perubahan Iklim,Mineral Kritis,Transisi Energi,Energi Baru Terbarukan,Krisis Iklim/Perubahan Iklim,Mineral Kritis,Transisi Energi,Energi Baru Terbarukan,Krisis Iklim/Perubahan Iklim,Mineral Kritis,Transisi Energi,Energi Baru Terbarukan,Krisis Iklim/Perubahan Iklim,Mineral Kritis,Transisi Energi,Energi Baru Terbarukan,Krisis Iklim/Perubahan Iklim,Mineral Kritis
Elit Politik,Transisi Energi,Energi Baru Terbarukan,,,Transisi Energi,Energi Baru Terbarukan,,,,Energi Baru Terbarukan,,,Transisi Energi,Energi Baru Terbarukan,Krisis Iklim/Perubahan Iklim,,,Energi Baru Terbarukan,,,Transisi Energi,Energi Baru Terbarukan,,Mineral Kritis,,Energi Baru Terbarukan,,Mineral Kritis,Transisi Energi,Energi Baru Terbarukan,,
Elit Politik,Transisi Energi,Energi Baru Terbarukan,Krisis Iklim/Perubahan Iklim,Mineral Kritis,Transisi Energi,Energi Baru Terbarukan,Krisis Iklim/Perubahan Iklim,Mineral Kritis,Transisi Energi,Energi Baru Terbarukan,Krisis Iklim/Perubahan Iklim,Mineral Kritis,,,Krisis Iklim/Perubahan Iklim,,,Energi Baru Terbarukan,,,,,,Mineral Kritis,Transisi Energi,,,,,,Krisis Iklim/Perubahan Iklim,
Birokrasi,Transisi Energi,Energi Baru Terbarukan,Krisis Iklim/Perubahan Iklim,Mineral Kritis,,,,,,,,,,,,,Transisi Energi,Energi Baru Terbarukan,Krisis Iklim/Perubahan Iklim,Mineral Kritis,,,,,,,,,Transisi Energi,Energi Baru Terbarukan,,Mineral Kritis
Sipil,Transisi Energi,Energi Baru Terbarukan,Krisis Iklim/Perubahan Iklim,Mineral Kritis,Transisi Energi,Energi Baru Terbarukan,Krisis Iklim/Perubahan Iklim,Mineral Kritis,Transisi Energi,Energi Baru Terbarukan,,Mineral Kritis,Transisi Energi,Energi Baru Terbarukan,Krisis Iklim/Perubahan Iklim,Mineral Kritis,Transisi Energi,Energi Baru Terbarukan,Krisis Iklim/Perubahan Iklim,Mineral Kritis,,,Krisis Iklim/Perubahan Iklim,Mineral Kritis,Transisi Energi,Energi Baru Terbarukan,Krisis Iklim/Perubahan Iklim,Mineral Kritis,Transisi Energi,Energi Baru Terbarukan,Krisis Iklim/Perubahan Iklim,Mineral Kritis
Birokrasi,Transisi Energi,Energi Baru Terbarukan,,,,,,Mineral Kritis,Transisi Energi,Energi Baru Terbarukan,Krisis Iklim/Perubahan Iklim,Mineral Kritis,Transisi Energi,Energi Baru Terbarukan,,Mineral Kritis,,Energi Baru Terbarukan,Krisis Iklim/Perubahan Iklim,,,,,Mineral Kritis,Transisi Energi,,,Mineral Kritis,Transisi Energi,Energi Baru Terbarukan,Krisis Iklim/Perubahan Iklim,Mineral Kritis
Sipil,Transisi Energi,Energi Baru Terbarukan,Krisis Iklim/Perubahan Iklim,Mineral Kritis,Transisi Energi,Energi Baru Terbarukan,Krisis Iklim/Perubahan Iklim,Mineral Kritis,Transisi Energi,Energi Baru Terbarukan,Krisis Iklim/Perubahan Iklim,Mineral Kritis,Transisi Energi,Energi Baru Terbarukan,,Mineral Kritis,Transisi Energi,Energi Baru Terbarukan,Krisis Iklim/Perubahan Iklim,Mineral Kritis,Transisi Energi,Energi Baru Terbarukan,Krisis Iklim/Perubahan Iklim,Mineral Kritis,Transisi Energi,Energi Baru Terbarukan,,Mineral Kritis,Transisi Energi,Energi Baru Terbarukan,Krisis Iklim/Perubahan Iklim,Mineral Kritis
Birokrasi,,,,Mineral Kritis,,,,Mineral Kritis,,Energi Baru Terbarukan,,,,Energi Baru Terbarukan,,Mineral Kritis,Transisi Energi,,,,,,,Mineral Kritis,,,,Mineral Kritis,Transisi Energi,,,
Swasta,,Energi Baru Terbarukan,,Mineral Kritis,,,,Mineral Kritis,Transisi Energi,Energi Baru Terbarukan,Krisis Iklim/Perubahan Iklim,Mineral Kritis,Transisi Energi,Energi Baru Terbarukan,Krisis Iklim/Perubahan Iklim,Mineral Kritis,,,,Mineral Kritis,,,,Mineral Kritis,Transisi Energi,Energi Baru Terbarukan,Krisis Iklim/Perubahan Iklim,Mineral Kritis,,,Krisis Iklim/Perubahan Iklim,